,COST,MA,NU,ARKK,XPEV,HOOD,ABNB,JPM,AMD,BRK.B,PLTR,SPY,AMZN,NIO,TSLA,GOOG,PYPL,UNH,GEV,AAPL,AAL,BAC,TLT,V,WFC,TSM,COUR,C,NVDA,LI,BABA,MSFT,F
2025-08-21 20:00:00+00:00,-0.0073128032785269095,0.005002655587339277,0.0041775555333979034,0.00013299161208210535,-0.002117964472994881,0.0024320781969530115,0.010326582440434507,-0.0023761398473457302,-0.0005544081544871323,-0.00011554751428231156,0.0,0.0,0.0,0.0,0.0,-0.002000128202352089,0.0,-0.00205591525423275,0.0,0.0,0.0,0.0,0.0,0.0,0.0,0.0,-0.004233111158797006,0.0,0.0,0.0,-0.0020916470818263906,-0.001435504968667983,0.0
2025-08-22 20:00:00+00:00,-0.007312800000000026,0.00924,0.018800099999999934,0.03963959999999996,0.04607064000000005,0.02459159999999999,0.0259578000000001,0.0007589855345461637,0.021991199999999957,-0.0012952793692232033,-0.01039830006182797,-7.920003896922935e-05,0.008342399585682168,-0.02212650778858129,0.007193999929747269,0.0030292507389146927,0.0030524639696999064,-0.00024091854305720515,-0.0034848575486122624,0.0,0.0,0.0,0.0,0.0,0.0,-0.0012144162303629673,0.0,0.0,0.0,0.0,0.0,0.0,0.0
2025-08-25 20:00:00+00:00,-0.013031958106302033,-0.007537200000000048,0.020192700000000167,-0.011068199999999988,-0.032390819999999994,-0.005319609422674393,-0.013434300000000012,-0.0048840843769950145,-0.02361810000000005,0.0,-0.008672400000000066,-0.0033923999999999157,-0.0035640000000000597,-0.029502831430680457,0.01742399999999991,0.011226599999999993,-0.0059531999999999875,-0.008137799999999952,-0.012262836935088797,-0.001953600856319058,-0.016546609275568426,-0.0011089007630261812,-0.0007789823299765976,-0.0025212677782990613,0.005405791831764795,-0.004804855776192753,0.0,0.0,-0.0006600006689868132,0.0,0.0,0.0,0.0
2025-08-26 20:00:00+00:00,-0.0036201201441566806,-0.0020987999999998916,0.0006962999999998919,0.002694211874665202,0.05318082,0.0,0.00038665278319130263,0.0057551247233089175,0.013919396990180261,0.008365482412159913,0.02108700000000003,0.0015311999890122295,-0.0057723619004195,0.0,0.013675200000000018,-0.005867400000000066,0.009876899999999795,-0.012711600000000144,0.0,0.001003194247053775,0.010791000000000089,-0.00012873429312879124,-0.002798409664079713,0.003352597134240777,0.016361399999999825,0.011365200000000018,-0.008543415756179678,0.006830948938295032,0.0011549988541394167,0.008398842087227281,0.0,0.0,0.0
2025-08-27 20:00:00+00:00,-0.0011620192768376728,-0.0016645563502039793,0.02785200000000003,0.0002318664883967085,-0.06777540000000018,-0.015254294277016547,0.0,-0.002023008637777766,-0.0027984033854349536,0.00697950000000003,-0.024116399999999975,-7.920029000788418e-05,0.00014915122680274635,0.0,-0.006362400000000066,-0.00019162266077778895,-0.00980177989309333,0.010989000000000209,0.0,0.004395599999999904,-0.001438800000000042,0.0024881999999999877,0.0018017955465026215,-0.002164799999999982,0.017129157799194834,0.002217600000000084,0.015206399999999976,0.013275855699176107,-0.002359500090181668,-0.06925464760626887,-0.0006338250749235066,0.0,0.0
2025-08-28 20:00:00+00:00,-0.004484699999999898,-0.0020867810671435926,0.009051899999999946,0.002614058987271933,-0.039221789053059876,0.003920400000000036,0.005404148557552989,0.0051975,0.0002758429441449652,0.00688049999999997,0.008969399999999945,0.002666399999999976,0.0,0.0,-0.006204000090866302,-0.002303431499347921,0.0,-0.0060621166465155965,-0.0017820030079243724,0.006428385212281032,0.007913400000000006,0.00191400000000006,0.004052358809510328,-0.004693140810854497,0.0,-0.003049200000000078,0.02618879999999989,-0.0032010033722746447,0.0,0.0,-0.01973400000000006,0.0,0.0
2025-08-29 20:00:00+00:00,-0.004521577665957838,0.0,0.002088900000000126,-0.004594849328123564,0.0,0.004365899999999856,0.0005081999999998379,-0.0005082787310307776,0.0,0.00491700000000003,-0.01042800447347618,-0.002613600029187082,0.0,0.0,0.0,0.007207199999999897,0.0,0.0,-0.026823451259560763,-0.001280412748215872,0.008632799999999951,0.004784999999999999,-0.006619799999999981,0.0011483092212823975,-0.004373042111585855,-0.029066399999999975,-0.024933553174302105,-0.00207899999999991,-0.0036036000591391803,0.0,0.11635470000000005,-0.001848023426891018,0.0
2025-09-02 20:00:00+00:00,-0.004435200000000018,0.0,0.004177799999999952,-0.006520800000000221,0.0,-0.026908199999999986,-0.021344399999999944,0.0054317671914004715,0.0,-0.00303600000000009,0.0,0.0,-0.002151601539601788,0.0,0.0,-0.02186580321828901,-0.0052631094777773335,-0.008735135367233492,0.0,0.0,0.001438800000000042,-0.005933400000000005,-0.005946599999999994,-0.0044879999999999694,-0.00462,-0.011167200000000047,-0.0008647067753615784,-0.017325,-0.01657920000000008,0.019072758466461316,0.027855299999999802,0.00490049542910996,0.0
2025-09-03 20:00:00+00:00,0.01079099999999994,-0.00035661123998169386,0.002785200000000018,0.00438900000000021,-0.0025450888461891006,-0.0038312999999998917,-0.022763693729073695,-0.0005643000000000119,0.0,0.0005775,0.0,0.0,0.0034056000000000537,0.0,-0.013701600430593815,0.0,0.0002078855448707236,-0.004068899999999976,0.004471491479655392,0.004778399567018773,0.031221865847256135,-0.012005464146076174,0.009649199999999927,-0.002996837722565092,-0.01432200000000003,0.013226399999999975,0.009437999999999969,0.001839326361474732,-0.001161599999999994,-0.011880000000000149,-0.017684699999999748,-0.0013365144667346247,0.0
2025-09-04 20:00:00+00:00,0.006470590615285341,-0.00377527502584845,0.0,-0.0007858084225545371,0.0,0.015377967617691692,0.0037681924758726517,0.012563100000000053,0.0,0.0010887383129851332,0.008538419006663465,-0.000356400001734446,0.026450159538829364,0.0,0.0,0.016381197554831164,-0.027340871902787015,0.008613000000000119,0.03583799999999997,-0.002983207155909331,-0.04261976347256809,-0.0003300391571775981,0.002593758946866737,0.0,0.01489949999999988,0.015008400000000005,-0.013153527823837148,0.01994849999999994,-0.0003300003180512067,0.003607218674825321,-0.040986000000000085,-0.0007095048231788996,0.0
2025-09-05 20:00:00+00:00,0.00012116638100020281,0.004104893380321573,0.005569577738717439,-0.0036544285514408963,0.0,-0.030312150591252755,0.0005399497606387012,-0.009180604011282312,-0.010962602535322902,-0.0019140185014748475,-0.01810512000000001,-0.00250799999999997,-0.01326599999999994,0.0,-0.006230400033134596,0.00950399999999991,-0.0031877999999999516,0.014493599999999874,-0.027538499999999938,0.001491598940554977,0.0,-0.006784917566214012,0.014473800000000042,0.0020985161601297067,-0.03245549999999997,0.03219479999999998,0.0,-0.005365943082940334,0.0,-0.006481754568006399,0.03529350000000009,-0.02135100000000009,0.0
2025-09-08 20:00:00+00:00,0.0,0.003128400000000006,0.0,0.0006772677128199165,-0.00239745288181326,0.014321993547550954,0.0,-0.00019849433602278166,0.0022571999999998977,-0.006534006678661067,0.023845799111739657,0.0011615995670216125,0.01752959654727994,0.0,-0.011747999999999969,-0.0024156000000000537,0.0023561999999999576,0.006794693028531742,0.023198939244200467,-0.00673199999999988,0.0,-0.005359199999999928,0.01166879999999989,3.561644690897992e-05,0.0038636485186788055,0.014810400000000034,0.0,-0.005775909645117963,0.0,0.007524000000000059,0.041745,0.006104999999999999,0.0
2025-09-09 20:00:00+00:00,0.010153925117033972,-0.0034188000000000417,-0.0006386217139813788,0.006565885865719542,0.010219083677331382,0.009979199999999928,0.0,0.01597199999999988,0.02654586,0.0,0.0008167446269186075,0.0,0.0,0.0016805883359767902,0.001927200000000048,0.022928400000000005,-0.00892389015587882,0.07787339999999986,0.0,-0.014058000000000119,0.0,0.015120599999999903,-0.007062020248233534,0.0,0.0005279149258079268,0.010718395810124806,0.03261739156634076,0.014256000000000239,0.008421599952337783,0.01663199999999988,0.036405542174352025,4.950000000003001e-05,0.0
2025-09-10 20:00:00+00:00,-0.022601699999999926,-0.006058800000000041,0.0012063061174087033,-0.0015216309779443916,0.0,-0.00871199999999988,-0.0007103066820471394,0.00871200000000018,0.02198394000000013,0.0021448154498181792,0.0278948948485491,-0.0031680000104575127,-0.01233276246158708,-0.1038972035924765,0.015853199531498285,0.0019271448954277593,0.004461593123093621,-0.0023165999999998437,0.005873746000698184,-0.02919840107867381,0.0,-0.006019600392805023,0.0010856959741357558,0.0,-0.0012804516162515482,-0.00740850111445758,-0.061057761882186694,-0.004290028818386486,0.03713819999999998,-0.01029599999999979,-0.002310104660679899,0.0019799997676797554,0.0
2025-09-11 20:00:00+00:00,0.007910099999999934,0.010309044500177583,0.0,-0.0021918347680029227,0.0,0.026518783430558177,0.002171625634814836,0.009866964115266214,-0.024565201756375603,0.01042800000000012,-0.014810400000000034,0.006863999999999909,0.0026281191076221876,0.0,0.015135119860447953,-0.0014916053502782823,0.018440399999999885,0.019209284272475136,-0.014467199999999897,0.0026795982969134865,0.0,0.011675400000000035,0.0030390811370453364,-0.00044899661446304886,0.01081079999999992,-0.003887442535908385,0.0,0.002639945693340364,-0.000336599999999994,0.01544399999999991,0.07583400000000005,0.0,0.0
2025-09-12 20:00:00+00:00,0.003524399999999946,0.0,0.0,0.005440020064275986,0.01174082705803396,-0.0012127634480976757,0.0,0.005015809845876961,0.009610255874082695,-0.005329529021768812,0.039662700000000016,-2.6259123387717407e-10,0.0017133571573237757,0.030402771872789138,0.025824149986232774,0.0,-0.005372399999999765,0.002864387352954077,0.00021103468176398562,0.01584,0.0,-0.0030623999999999157,0.0,0.0,-0.00033079285866347615,-0.004108635431188517,0.0028345050051999804,0.00603899999999991,0.00308550000000012,0.0051479999999999694,-0.0032340000000000597,0.00598949808925991,0.0
2025-09-15 20:00:00+00:00,-0.007682399999999916,0.0,0.0,0.005102806231041386,0.0,-0.0032175,-0.006179930838235704,0.006147900000000036,-0.0010520495210518401,-0.0007097576384340891,-0.01984158027574479,-0.0022704000922974636,0.012839630941128007,0.046644915855847416,-0.0223971000112311,0.0038807999436875707,0.0010813936764082518,-0.00496332461875942,0.0,0.00910799999999997,0.0,-0.0006074785524170374,0.0,-0.002548233036799938,0.0,0.0,-0.0045973892458816635,0.0050490000000000595,-0.003752100309492721,0.06659136477938399,0.018281976667202705,0.0,0.0
2025-09-16 20:00:00+00:00,-0.007900200000000017,0.0,0.0,0.016825009479750172,0.0,0.020542499999999998,0.0,0.0005048999999997659,0.0037566889322891753,-0.00090750000000015,0.0001748942136673304,0.0,0.012282597828548764,0.078705,0.023304599999999964,0.00032339509750492197,-0.00487192675015624,0.0,-0.0031020198592135693,0.007326000000000089,0.008833365407858382,-0.0031911636644479813,0.0,0.0008710301123797444,0.0,0.0,0.0,0.00663300000000012,-0.004738800665334984,0.0011604976260210832,0.0,-0.010972500191369012,0.0
2025-09-17 20:00:00+00:00,0.010781100000000023,0.0,0.0,0.0,0.0,0.008579862671822957,-0.003936458169347893,0.007454700000000198,-0.007015820670238785,0.00273900000000006,-0.004138202197208593,0.0007787994596137241,0.0,0.063855,0.009563400000000005,0.0017390703686227607,0.025555200000000017,-0.002600403664873147,-0.010507356692561387,0.0013991969344190874,0.013801953009588896,-0.002435423389945731,0.0,0.01615680000000001,-0.0009243087900801083,0.0039895996594821416,0.0,0.01079099999999994,-0.027733200108174014,0.0188461456138712,0.0011846902142347653,-0.00102299999999997,0.0
2025-09-18 20:00:00+00:00,-0.011378462838170017,0.0,-0.005187656480467835,0.0038856427282696403,0.0,0.0177375,0.008322112627005381,0.0013925483866035892,-0.008791200000000108,0.0005609811472663022,0.04661909999999999,0.00369599999999994,0.0009886790400740982,-0.002228739285867682,-0.019166399999999976,0.009111299999999892,-0.0018876000000000838,-0.017318400000000005,0.006322437805746399,-0.005992801967238506,0.0,0.01378080000000007,0.0,-0.01508768500075087,0.011931091400333743,0.012081234370683381,0.0,0.002269372853254317,0.015691499651290842,0.0,-0.01744050625342168,0.00016499999999984992,0.0
2025-09-19 20:00:00+00:00,0.0,0.0,0.010322400000000065,0.014297197779365596,-0.005524649989299164,0.0309375,0.0,0.0015410647005418057,-0.0019601999999998678,0.0,0.03208919999999993,0.004131599999999994,-0.001148400000000006,0.0,0.017720999999999938,0.011398200000000138,-0.0037751999999998676,0.004593600000000024,0.01721277660788429,0.010955999893157453,0.0,0.002296800000000012,0.0,0.0018874960863680553,0.009199510359897795,-0.013830299999999952,0.0,0.0032103988910832,0.0016763995321028913,0.0,0.0,0.005543999302412799,0.0
2025-09-22 20:00:00+00:00,-0.0013398554342455371,0.0,0.008500800000000072,0.00013197833422982512,-0.01346400000000006,0.00626998872077856,-0.006553986477859553,-0.004514399999999945,0.013246199999999807,4.6138335746386474e-05,-0.017545451452269607,0.0037091999999999277,-0.013345200000000017,0.0,0.0157937999363928,-0.005557203811676285,-0.00798600000000024,0.011906399999999975,0.022649850323742327,0.041619599999999965,0.0,-0.0061247999999999815,0.0,0.007207199999999897,-0.0008054184486087342,0.03618774700139066,0.0,0.0,0.03738239999999991,0.0,-0.00021121526760063715,0.0,0.0
2025-09-23 20:00:00+00:00,-0.00036630000000004197,0.0,-0.00910800000000012,-0.004455354910438222,0.013238639132133393,0.0032069210595970887,-0.014724599999999963,0.00566935914973706,0.007900200000000168,0.000534599999999964,0.0,-0.0005940000438706875,-0.02733192000000002,0.0,-0.015338400007993304,0.0008315899839795338,-0.005372399999999765,0.01857239805298389,0.0,-0.0066131999999999875,0.0,0.009239764396641108,0.00022915733731638738,-0.012658851541472154,-0.02376173648734038,-0.0003300004612651901,0.0,0.0,-0.027719999999999998,0.0,0.012737967949561184,0.0,0.0
2025-09-24 20:00:00+00:00,0.0051545379465092805,0.0008903582935497797,-0.008500799999999921,-0.0004455113963952317,0.0,-0.005506385106188818,-0.0031877999999999516,0.0,-0.010205586226165237,0.0015900817004146255,0.006375599088032413,0.0005675999837070503,-0.0010810807768672566,0.0,0.00015179976900095424,-0.014160342204114263,0.008276399999999826,0.0,-0.002521515291041569,-0.012606053731172222,0.0,0.00043535261487630576,-0.003814800000000132,0.0,0.0015696001087511058,-0.01049401322962843,-0.009114598296987318,0.0,-0.007933200113733533,0.0,0.0,-0.0012705039256163944,0.0
2025-09-25 20:00:00+00:00,0.006560295381600208,-0.0024749999999999998,-0.013965599999999903,0.0,0.0,0.0,-0.007431816646227948,0.0,0.0037184400000000095,0.0,0.012658799479637413,-0.012896400021668695,-0.008751599999999993,0.0,0.0,0.0021119895979009105,-0.024763352372708023,0.0,-0.028261200000000108,0.0038774991809168474,0.0,0.00287100000000009,-0.005266815086824581,0.0,0.002494799999999982,0.0,-0.01484999999999985,0.003115104364104745,0.0,0.0,0.0,-0.0066990006101350945,0.0
2025-09-26 20:00:00+00:00,-0.028683600341605386,-0.0035639999999999097,-0.012474016573851781,0.011287933181536277,0.0,-0.003894079245312177,0.015444000000000058,-0.0024981484238818345,-0.010988999999999909,-0.0034362862765902535,0.0007259994879185887,0.0007391999539788457,0.0003012874171747944,0.0,0.0,0.0,0.009002400000000065,0.0,-0.0011353271853513523,-0.003527708444206432,0.0,0.005167799999999952,0.0,0.0,0.008579294969175215,0.0,0.004592275352342712,0.012345299999999951,0.007589999826232151,0.0,0.0006235637718549514,0.005065494665770406,-0.005068824336580503
2025-09-29 20:00:00+00:00,0.009480832406273247,0.00493349999999994,-0.009182284200440722,0.03564,0.0,0.11856239999999992,-0.00316800000000012,-0.0039568378197988386,0.011767139999999968,-0.0012870000000000299,0.0066,0.002455200000000018,0.0,0.0,0.0,0.0,0.038768399999999856,0.0,0.0,0.00035969923876998105,-0.011154090719352961,0.005550600000000054,0.002811566991278205,0.0,0.0,0.0,0.0,-0.0024881999999999877,0.023429999857752293,0.0,0.040616399999999976,0.0051480000000001195,0.0
2025-09-30 20:00:00+00:00,0.008355599999999904,-0.0038944811172449178,-0.004890787598033994,0.002019600000000114,0.0,0.046793998306944334,-0.014889599999999963,-0.0050259276502392135,-0.002949561508753877,0.00575849999999994,0.01826879999999989,-0.00030360004701094565,0.0,0.0032501842093870118,0.001847999864080425,0.0,-0.042873666499015355,0.0,0.005834391024030642,0.0,-0.01458599999999994,-0.01832162736895882,-0.003141599999999994,-0.0003829911845729748,0.000263838208244706,-0.0021120634115138408,0.0,-0.0026534985687517746,0.006837599932647331,0.0,-0.006002700000000018,0.0036134999999999397,0.0
2025-10-01 20:00:00+00:00,-0.008157599999999933,-0.0026400342027708664,-0.04751670000000008,0.009410669795999806,0.0015095059703540891,-0.009643923786610211,0.0071280000000001195,-0.010041924429139466,0.0,-0.00801899999999991,0.013580160000000013,0.0035640000000000597,-0.005134802592332512,0.005200800000000071,0.016747499955928884,0.011167141054520944,0.0,0.0,-0.016843479108879483,0.0057683979150161754,0.006863865402919004,0.0,0.0014649153226603674,0.01689599999999994,-0.016843639794709233,0.03445200000000003,0.0,-0.015972016094741238,0.0,0.0,0.016381200000000106,-0.004240502671238882,0.0
2025-10-02 20:00:00+00:00,-0.0005642999999998619,0.005824499999999879,0.0030602387560666826,0.008597421052672988,0.004573800000000042,0.04528061999999998,-0.010718774589204004,0.0,0.007636199649269042,-0.0016560929507279205,0.010074240000000081,0.000937199993346544,0.0017295270852428666,0.032505,0.0,0.005187599999999934,0.01738344901559143,0.007721985898820862,0.00010560000000005401,-0.00022110026487662251,0.0,0.0,0.0,-0.004910400000000036,0.0,-0.0016830265857939411,0.0,-0.00845870183497857,0.0,0.0,0.04263599999999994,-0.011005500743024704,0.0
2025-10-03 20:00:00+00:00,-0.001366200000000108,0.00343159326105816,0.0,-0.018629114866025927,-0.02369605982164691,0.018572399999999916,-0.010058400000000155,-0.002112010573944344,-0.02894759999999993,0.0,-0.07122720000000005,0.0,-0.012612600000000083,-0.02470380000000004,0.0,-0.012685201954022054,-0.004396140473271639,0.026677193264820046,-0.014810400000000034,0.0011945986079667863,0.0,-0.008620359758252443,0.0,0.01016400000000006,-0.0030187889432210747,-0.001386019926552276,0.0,0.005524199999999928,0.0030854994346922373,0.0,-0.004369202566612839,0.0020294764784092876,0.0
2025-10-06 20:00:00+00:00,-0.007296299999999892,0.004190931417762858,0.0,0.03223439999999994,0.02420879999999989,-0.027650699999999986,0.006797782099017086,0.0015444000000000959,0.2200803000000001,0.0,0.02917198481488422,0.0,0.0054185973096672335,-0.009101400000000126,6.599970652664524e-06,0.009094788897601897,0.013246061122629611,0.0,0.010837200000000047,0.0,-0.0025986214645879226,-0.014850150937992907,0.0,-0.0014520000000000299,-0.008755053843742202,0.03349499999999985,0.0,0.007444619759545421,-0.01024649999999991,0.0,0.0,0.018958498204283036,0.0
2025-10-07 20:00:00+00:00,0.004421212037685659,0.001534028279125623,-0.009804367050363279,-0.01949653809892191,0.00752756435951228,0.0021760200000000168,-0.0029288846281541507,-0.008976282090719346,0.049374598432908215,0.0,0.01191959980743657,0.0,0.0008546622519845323,-0.01820279999999995,-0.04455990011703642,-0.015892847329646468,0.012658692422182207,0.0,0.00382799999999997,0.0,-0.007544354469652516,0.0,0.0,0.008210400000000036,0.0,-0.025574999999999997,0.0,0.0,-0.0019304999999999698,0.0,0.0007787737571489788,0.0,0.0
2025-10-08 20:00:00+00:00,0.0,0.0,0.013067999999999969,0.018400779003589444,0.0,0.041690880000000076,0.001155,-0.010721699999999777,0.0,-0.005973062626011038,-0.0005940043354419868,0.0,-0.0025261533613641766,0.04290659999999999,0.0,-0.002428820713189775,0.019889099999999993,0.0,0.006573532197621679,0.0,0.0,0.0,0.0,-0.0027720000000000296,0.0,0.032538000000000115,0.0,0.0,0.0195525,0.0,-0.00158399999999991,0.0,0.0
2025-10-09 20:00:00+00:00,-0.004669513686920127,0.0,0.002613600000000024,-0.009474300000000161,0.0009589739328829864,0.009979199999999928,0.00132,0.0033356988368690417,0.002422199772800227,-0.003484799999999982,-0.020792659133356962,-0.0026532000978204675,0.011926199999999958,-0.03705584971634431,0.0,-0.01366200000000003,-0.007709270770952257,0.0,0.01161600000000009,0.0,0.0,0.0,0.0,-0.008065234855465715,-0.008104806280674993,-0.02260502852858667,0.0,-0.0008581370880923213,0.012952499836876977,0.0,-0.013853443581730143,0.0,0.0
2025-10-10 20:00:00+00:00,0.0,-0.016599126366138733,-0.02940300000000012,-0.007953669858337007,-0.08765636036165383,-0.052998000750078135,-0.020337122711228447,0.0,-0.06869478105193709,-0.010084655645719426,-0.04927295999999996,0.0,-0.048391199999999954,0.0,0.0,-0.017120400690171452,-0.0023100994255475823,0.0,-0.026730005180062816,0.0,-0.007603414050180663,0.0,0.0,0.0,-0.017886224847301464,0.0,-0.010864160452312598,-0.0041316261899330626,-0.044748000000000114,0.0,-0.03152160020235103,0.0,0.0
2025-10-13 20:00:00+00:00,0.0033130722536214214,0.0,0.010454400000000096,0.0,0.0,0.0,-0.0036594759322020535,0.0,0.014826567829728533,0.0,0.006177599999999933,0.0005015999457501585,0.014543100000000054,0.0,-0.0054054003228241115,0.009173987927024164,0.0,0.0,0.014678391882895915,0.00022439749989011033,0.01774080000000007,0.0,0.00022999104559085935,0.0,0.0,0.0027851788379937214,0.013721399999999825,0.0,0.025063499513976455,0.0,-0.00812790658698429,-0.0012540182190680662,0.0
2025-10-14 20:00:00+00:00,0.010781100000000023,0.007457937994283747,-0.011107800000000102,0.0005673148412111322,0.0017324230773334284,0.006443174772618422,0.03190176000000001,0.0,-0.020621700605189516,5.408216102632195e-05,-0.016500000643640107,0.0017687993628951835,-0.013637909999999923,0.0,-0.013117499999999999,0.001900741729233573,-0.0012281410878632322,-0.00590048992446983,-0.005055599999999903,0.00118799999999997,0.03801599999999994,0.004619911012898274,0.003029400000000096,0.00014517400086090673,-0.0012804233462472303,0.0,0.010781100000000174,-0.0031020031541923614,0.0,0.0,-0.020476499999999908,0.0,0.0048640232485346905
2025-10-15 20:00:00+00:00,0.010827071738393841,-0.005660181324021992,0.017630005509217325,0.021324348367629795,0.010175125884160589,0.0,0.008807040000000033,-0.005916913284533043,0.08644350000000009,0.000831599999999994,0.005763113919603738,-0.0014652000266545519,-0.004380090000000196,0.0,0.011590919999999932,0.011233198735952783,0.0,0.0009899929997871822,-0.007722052222490247,0.00633600000000009,0.02112,0.044154000000000054,0.0019139966391865436,-0.007048800000000042,0.021265199999999866,0.0,0.005644756221802904,-0.006633423390010643,-0.004501200302542979,0.0,0.01251660342021381,-0.005676001966529429,0.009728400000000005
2025-10-16 20:00:00+00:00,-0.004339591627829873,-0.023215500000000118,0.0,0.0022813516745137804,0.0,0.0,-0.003816324819390538,-0.0018480005839194155,-0.00727980023183506,-0.015008400000000005,-0.00034320631383567157,0.0,-0.0072798053792882495,0.0,-0.012188220286005594,0.012381592810198853,0.0,0.0,0.0,-0.01458600215877438,-0.04646399999999991,-0.010560111294102571,0.0,-0.01846684940330198,-0.03511204050930509,0.0,-0.005817490400307315,0.0,0.004791599620919241,0.0,-0.007101648549923334,0.0,-0.002653199999999988
2025-10-17 20:00:00+00:00,0.0034913734891722377,0.02019600000000009,0.0019781757519874463,-0.002237409117274205,0.0,-0.0010131021234414583,0.0,-0.00316799999999997,0.0012566363954380631,0.007147799999999952,0.0,0.0,0.00036299800153630256,0.0,0.015394499682182625,0.0,0.0,0.0,0.0,0.0,-0.0016895999999999639,0.01900799999999997,0.0,0.0,-0.008434800000000131,0.0,0.0,0.0007952370864802878,0.0,0.0,-0.01104510340797879,0.0,0.01591919999999993
2025-10-20 20:00:00+00:00,0.0,0.008860499999999969,0.027059999999999997,0.04588979999999998,0.0,0.04546410000000014,-0.005629052544655633,0.01560899999999991,0.0,0.003286800000000012,0.0,-0.0008052000631304963,0.01617,0.0,0.015741000000000088,-0.0018909099248793017,0.0,0.0,0.0,-0.007263300237688049,0.02534399999999991,0.01465200000000003,0.0,0.0,0.030056399999999973,0.0,0.021384113859620354,0.02023146304093424,0.0,0.0,0.036465,0.0,0.006190800000000072
2025-10-21 20:00:00+00:00,0.0,0.012110984432635773,0.004157147306719984,-0.01570480757896334,0.0,-0.035178040536868516,0.005996099999999873,-0.0034980218299159012,0.006883794666717399,-0.00038549757259176653,-0.0034188005446955227,0.00013200000000003002,0.02541,0.0,-0.008616960000000026,-0.022284905230946124,0.0,0.0,0.001286994992431746,0.002069099999999994,0.015206399999999976,-0.01009799999999997,0.0,0.0,-0.010190504779833286,-0.007491037016243467,0.01052700000000003,0.0,0.0,0.0,-0.03794673345216109,0.0,0.04775759999999993
2025-10-22 20:00:00+00:00,-0.005211096813785838,-0.005874431965841636,0.0,0.01179598857949796,0.0,0.03332206690242384,-0.0037949999999999998,0.0,0.0,0.0,-0.014054703206513558,-0.0002244001458626053,-0.01982904000000006,0.0,-0.010512480438358493,0.00475200000000003,0.0,0.0,-0.04591950220057028,-0.01651650000000006,-0.022471803983824236,-0.012342416736930803,0.0,0.0,0.0,-0.0005280176884685533,-0.03640612116216114,-0.001990238941053885,0.011127599561642413,0.0,0.0023429963015089332,0.0,-0.00884399999999991
2025-10-23 20:00:00+00:00,-0.002583900000000126,0.002721653265027753,0.02164143732754576,0.028874999999999998,-0.0011944890568972278,0.059328719999999883,-0.00113849999999994,-0.0028050954550570347,0.0007510799173636588,-0.003320084001368268,0.027152400000000066,0.004831199999999957,0.014885640000000058,0.0,-0.010213500074101189,0.0046331999999999875,-0.0018917032696025762,-0.006045725865275458,0.000329985446591304,0.005517599999999933,0.013685813893512458,0.012869999999999849,0.0,0.0,-0.008052148760677013,0.006963000000000119,0.0,0.0,0.010137600000000083,-0.0016859038175080195,-0.0036960069964289775,0.0,-0.010612800000000101
2025-10-24 20:00:00+00:00,-0.009761399999999976,0.0,-0.00318450000000018,0.018018000000000117,0.009701999999999879,0.04165920000000008,0.004857600000000083,0.02065785416873127,0.07168392000000005,0.00405900000000006,0.02328150000000006,0.007853999700454918,0.014589959999999996,0.0,-0.020621040112816128,0.027086399999999976,0.009460959331999284,-0.001848387707148704,-0.005907025582143756,0.01074480000000013,0.0,0.01643400000000021,0.0,0.0,0.02269080000000022,0.01300200000000003,0.0,0.0,0.01491599954544948,-0.013810499999999969,0.014193300000000072,-0.00026400996229036534,0.12558480000000014
2025-10-27 20:00:00+00:00,-0.005280265429841647,0.000775464765093061,0.005083308370004274,0.008893500000000089,0.06551160000000014,0.041975900370611455,0.008273099999999903,0.0,0.026690400000000034,-0.007062008347646674,0.02501498999999996,0.0017423998632610073,0.012991439999999979,-0.005036327938014319,0.004349399895996871,0.03659040000000004,0.0,0.0,-0.002590758078195722,0.021671099999999874,-0.005267024221864658,0.00871199999999988,0.0,0.0,0.0037090145535525376,-0.002244077109526593,0.0,0.01000225234422042,0.012949199568120484,-0.009474552948721007,0.03001349999999994,0.01272150000000006,-0.028743006465655054
2025-10-28 20:00:00+00:00,0.0,-0.010560000000000149,-0.0003643735258785273,-0.003795103869790364,0.013490399999999885,0.0012275198090030562,0.0018704274091890874,0.0006269774739972035,0.0006616388834631243,0.0,0.003438929999999941,0.002798399984837724,0.010395,0.005755200000000018,0.0,-0.0046332000000001376,0.0,0.0,-0.02217610126008486,0.0006896999999998979,-0.03995275315115477,-0.0031020010569237774,-0.0015642215886857093,-0.0033396335878150556,0.004896757400353931,0.0,0.0,-0.0024006985766246497,0.017324999655161148,0.0,-0.015203099999999903,0.017127000000000028,0.0
2025-10-29 20:00:00+00:00,-0.004101913622141832,-0.01991563315108779,0.0,0.0,-0.0019471430217015539,0.0,-0.00973390352458175,0.005246943078685003,0.02568653640049237,0.0,0.05233008,0.0,0.00485100000000009,0.007337880000000109,0.0,0.030927599999999934,0.0,0.0,-0.005379458696105648,-0.0031284043881087153,0.0,-0.0022211307010797598,-0.00392045378383385,-0.01565520000000002,-0.009860399999999886,0.0,0.0,-0.021687599999999932,0.03590399997162186,0.0,0.018008099999999902,0.00287099999999994,0.0
2025-10-30 20:00:00+00:00,0.007632900000000035,0.00415796732192628,0.0,-0.005628754048771097,-0.002437098845181449,0.0,-0.011102294381925297,-0.005445027766025214,-0.03430680026727212,-0.004725856369039434,-0.024627900000000036,-0.003577200285735607,-0.016777200667545622,-0.008777917510023202,-0.006923400091344361,0.021661200000000106,0.0,0.0,-0.029419644092241144,0.005735399999999885,-0.018770853982802836,0.0,0.0,0.016407381212770678,-0.000831599999999994,-0.0020130608380237664,0.0,0.010025400000000035,0.0,0.0,-0.03349169999999992,-0.03483150111115908,0.0
2025-10-31 20:00:00+00:00,-0.007325999999999939,-0.002095851340013264,-0.001649969028040832,-0.0022375071457255125,-0.0006783203130991114,-0.011484016237777873,-0.0037381076244772018,0.002210981559113352,0.0,-0.001247399999999916,0.018625194117223513,-0.0009372001096456279,-0.007257361596074028,0.0,0.03132360000000002,-0.001900800000000072,0.01169790079315413,0.0,0.0182325,-0.00108900000000006,0.02737350000000009,0.0,-0.0010230013178020908,0.0006393221019444991,0.01140479999999998,-0.0017160184422360771,0.0,0.010127699999999868,-0.010279500089369807,0.007479262258461235,-0.019466700000000076,-0.00036300084411243456,0.0
2025-11-03 21:00:00+00:00,0.0008678743668662218,-0.01173161088074426,0.00125399999999991,-0.02063826838175841,0.005187599999999934,0.00151800000000012,-0.0019145107055959488,0.0010559585949621987,0.0,-0.003920400000000036,0.010939495292853875,0.00165,0.0,0.0,0.02336400000000006,0.010454400000000096,-0.010691999999999879,0.005194197343478349,-0.006401999999999879,-0.007768199999999987,0.008602534953406585,0.0,-0.0038114999999999096,0.0,-0.005794821443397709,0.0,0.0,0.009923100000000204,0.03516149986367698,-0.01807080000000007,-0.015315299999999952,-0.0024254999999999698,-0.0020295262545837523
2025-11-04 21:00:00+00:00,-0.0012805767128971001,0.0,-0.02069099999999994,-0.036077334013347895,-0.05069340328693268,-0.05029698577428191,-0.028525559412398597,-0.0003299999999998499,-0.02073060031856839,0.022908600000000022,0.0,-0.007326000055869895,0.0,0.0,-0.04339500005845335,-0.01779360672440119,-0.03578849999999994,-0.002910600000000054,-0.05482950000000018,0.006134700000000048,0.0,0.0016367421613602664,0.00334950000000003,0.0,-0.005181399807682956,-0.012078003793896914,0.0,-0.006035700000000138,0.0,-0.0327228000000001,-0.020189559146102445,-0.0038939999999999097,-0.018671399999999973
2025-11-05 21:00:00+00:00,-0.000316800000000012,0.0,0.02319900000000006,0.011896499999999909,0.0,0.04026330000000007,-0.002389839496928816,-0.013576261372934741,0.021779999999999997,0.0075503550396571785,0.0,-0.003352800065341812,-0.0030518446438515183,-0.014766690978345614,0.0,0.016565999211008597,0.028660499999999818,-0.011790900000000005,0.018133401960681857,-0.00018150000000006,0.0,0.0008381677628769693,-0.008530501959161038,0.0014216469140071921,-0.0019634999999997896,-0.011385073415206146,0.0,0.00716100000000009,0.0,0.009023520738537908,0.0,-0.005428500727770251,0.026789399999999946
2025-11-06 21:00:00+00:00,-0.01128600000000009,0.0,-0.014358300000000072,-0.04169549999999997,0.0,-0.10880100000000008,-0.013715069323856723,0.005108400000000006,-0.06628380000000003,0.0011292358999591488,0.0,-0.008857199999999897,0.0,-0.015028415140624342,0.0,-0.00023101836903807906,-0.020526323591404452,-0.010576516117542692,-0.009751793403641067,0.0021383939585426013,0.0,0.015965399999999887,-0.0008910071367636328,-0.009058500000000089,-0.01016400000000021,-0.01432200000000018,0.0,-0.011583058417777587,0.0,0.003986400000000126,0.0,0.0,-0.0008118000000000119
2025-11-07 21:00:00+00:00,0.0029369670843680203,0.0,-0.004451699999999927,-0.00023099999999993997,0.0,0.011728197721013925,0.01451997367717588,0.0023165999999999938,-0.008590895639152158,0.011919599999999963,0.02171729900028223,-0.0036696000919376817,0.014440798619994434,0.0,-0.013910820051262908,-0.018018000000000117,0.001491280617604925,-0.001907480184161859,0.04111800000000012,0.0,0.0,-0.001557600000000084,-0.002019599999999964,-0.002791800000000012,0.007853848563717973,-0.010988999999999909,0.012913418171983361,0.0,0.03546839991915326,-0.007972800000000101,0.022479478986239608,0.0,0.018671399999999973
2025-11-10 21:00:00+00:00,0.0,0.0,0.001943699999999958,0.021713999999999907,0.013374910010742081,0.0,-0.0056099999999999995,0.007840799999999922,0.04440610048120174,-0.004474799999999982,0.08594520000000001,0.013305600000000053,0.014612400000000065,0.0,0.030054420000000172,0.03649799999999997,-0.0007855874123742478,0.0,0.011071499999999759,-0.008207100156557722,-0.006698266960460256,0.008041383297918486,-0.001009799999999982,-0.0034452000000000176,0.000950400000000036,0.030788999999999907,0.010959300000000012,0.00036287322652644885,0.040593299824162654,0.009467699999999867,-0.003801599999999994,0.002930390998972157,-0.002435400000000036
2025-11-11 21:00:00+00:00,0.0,0.0,0.030597599999999933,-0.00935549999999997,0.08285970000000005,0.0,0.0192225,-0.0025315467167226686,0.0,-0.001429252740410111,-0.013520099999999933,0.0022175999999999338,0.002890800000000072,0.0,-0.02502060007458842,0.00422400000000006,-0.0021123635510194526,0.015915888480814377,-0.015328699862384791,0.021598499999999937,-0.012634399141851164,-0.0022110363609541355,0.004712400000000065,0.010513800000000042,0.001069200000000078,-0.012539999999999999,-0.004191442071158569,-0.00663299999999997,-0.02592150021807898,0.0034477680250274852,-0.016724432073380015,0.005702400000000066,0.00892979999999998
2025-11-12 21:00:00+00:00,0.0,0.0,-0.013104300000000011,-0.006005999999999939,-0.030630599999999904,0.0,-0.0069299999999999995,0.012800699999999988,-0.012250590534828316,0.001768796905672889,-0.03865290000000003,0.00072600000000009,-0.01912680000000001,0.0,-0.004035240195386168,-0.014619000000000059,-0.00282150000000006,0.03736259999999993,-0.004422226659664898,-0.006679199999999928,0.0,0.00846449999999988,0.002468400000000006,0.0033561000000000237,0.005372254514687761,-0.0033,0.010870200000000017,0.02059200000000003,0.0,0.0,-0.006240689154871288,-0.009616200964107946,0.01217700000000003
2025-11-13 21:00:00+00:00,0.004131490744888834,0.0,-0.03323099999999994,-0.024585004364384225,-0.03730650000000021,0.0,-0.004124999999999999,-0.02780595157091488,0.0,0.022274999999999847,-0.0672078000000001,-0.014295600000000052,-0.009774603799380643,0.0,-0.07202316004308966,-0.025344002041124667,-0.01339820839137873,-0.020912191207008022,-0.030541585578732156,-0.0013431000000000538,0.0,-0.013685207301621944,-0.008190600000000053,-0.008286300000000042,0.0,-0.03234001945717664,-0.009662399999999915,-0.021912026960036905,0.0,0.0,0.0,-0.010593006014022945,-0.012988800000000042
2025-11-14 21:00:00+00:00,-0.002686347510485839,0.0,0.011912999999999969,-0.012619418692948324,-0.049221431841323444,0.0,0.011053943670734279,-0.01719630000000004,0.0,-0.009068400000000006,0.010154100000000143,-0.0034452000907786214,-0.003804251941190168,-0.016860954892337156,0.0,0.005708987915065204,0.0018210979838307912,0.0,-0.005494523802010672,-0.002504699999999898,0.0,-8.585372652209116e-05,-0.005385599999999904,-0.017292279409430112,0.010599455660850625,0.0,0.000574353999244554,0.0,0.0030854996713923265,0.0,0.0,0.012276000000000089,-0.008117999999999969
2025-11-17 21:00:00+00:00,-0.009231254509871313,-0.009454533372841828,-0.01504799999999997,-0.018308399999999853,0.0,0.0,-0.0395245892063249,-0.009474300000000012,0.0,-0.010338933658788328,-0.014642099999999963,-0.00739200000000003,0.003233999463890791,-0.035105114949533466,0.0,0.0,-0.006679830197642168,-0.021327926779943905,-0.00212849999999994,-0.018955215396562853,-0.017118097717786364,0.0,0.0021317999999998618,-0.0003894161296169386,-0.01900799999999982,0.0,0.0,0.006319453356161593,-0.017325,0.0,-0.016605601436319544,-0.005755215103782716,-0.02516580000000007
2025-11-18 21:00:00+00:00,0.0,-0.013464240837837578,-0.01755599999999994,-0.010897259999999978,0.0,0.0,-0.017984999999999998,-0.0003302235119698207,0.004303198876736737,-0.0005115469063977662,-0.022944900000000063,-0.008157599999999933,-0.031930805087137734,-0.019206000000000088,-0.013411200207949382,-0.009438009605301131,0.0,-0.0185625,-0.0363825,-0.001016400000000126,0.007985678750473662,0.0,-0.00044880000000004197,-0.001458719939693019,0.00475199999999988,0.0,0.0,0.0012275999999997837,-0.026235000000000147,0.0,0.011167200000000047,-0.0024090039506315403,0.01217700000000003
2025-11-19 21:00:00+00:00,0.0,0.0045704999999999696,0.02131799999999997,-0.017522923597425456,-0.003117762554700698,0.0,-0.011649174679794478,0.0,-0.025700399999999884,-0.00513149999999991,-0.0007900242534083827,0.0059267999416613105,0.0,-0.03361049999999997,-0.030805170125360007,0.052733999602808064,-0.009062030463835235,-0.014642099999999963,0.06434999999999999,-0.002907300469725478,0.00039899570880125334,0.0,-0.0042441291869814496,0.008702099999999963,0.003920399999999886,0.0,0.0,0.01544730000000013,0.02702700000000018,0.0,-0.009332675646390802,-0.0026796061147976295,-0.009741599999999843
2025-11-20 21:00:00+00:00,0.0,-0.00407549999999997,0.011895671124692853,0.0,-0.04999500213419818,0.0,-0.019552581963461556,0.0,-0.015140400355992286,0.005147965529847742,0.0,-0.01318680000000001,0.0,-0.060819000000000054,-0.01871100000000009,0.0,-0.022645011821673087,0.010629063643421009,-0.059234999999999996,0.0,0.0,-0.03494055124852206,0.0,0.00034958324907339374,-0.017319495892255746,-0.0464970065675412,0.0,-0.013528624583453334,0.003728999981964903,0.0,0.0035903812522396538,0.00452099920531477,-0.038154600000000115
2025-11-21 21:00:00+00:00,0.0004518838556398259,0.021994331041280672,0.027571234393345412,0.0222650989353365,0.0,0.021245384657931795,0.0006972149075240304,0.0012209052371730876,0.029369999033510452,0.0,0.0289508989986929,0.007101599996806126,0.0,0.03040950000000018,-0.0021364201411378644,0.0007061990782368684,0.0,0.0,-0.004141503344503285,0.0,0.019536176834980705,0.00996930000000001,0.0,0.012949200000000077,0.011338644133390552,-0.024387001149042173,0.0,0.0,0.0,-0.009223604232136827,0.0,0.0,0.03490740000000006
2025-11-24 21:00:00+00:00,-0.014592671692700681,0.0,0.00250799999999997,0.051143400000000006,0.003884274184403921,0.06665989136730623,0.0012374999999999999,-0.011121179404193821,0.0,0.0025327486718343378,0.048398129999999866,0.004606799986017404,0.004817999904584458,0.03681149999999991,0.00938354996238473,0.0024617973296083753,0.0,-0.008170893187855027,0.021763465869129896,0.0,0.017760599999999904,0.007382098491586216,0.0,-0.0022309743391738628,0.016776949559747147,0.0004949715226310672,0.0,0.0,0.009371999615866084,0.006930891375777187,0.0,-0.0018876039405130221,0.00892979999999998
2025-11-25 21:00:00+00:00,-0.0010429224890021258,-0.001848092299422533,0.04389,0.00473549999999997,0.032089200000000075,0.03646961332709874,0.0342375,0.004553893391756992,0.024120685377278878,0.0035145000000000298,0.004834169999999962,0.008091599999999994,0.01225288548882579,-0.046414500000000025,0.00317625,0.012440999649175232,0.0,0.021473100000000054,-0.013067999999999969,0.0,0.027799200000000076,0.0,0.0,0.0,0.005108400000000006,0.00013200000000003002,0.0,0.0072928333395079195,0.013595999796405148,0.0,0.0,0.015430799683185113,0.015424200000000077
2025-11-26 21:00:00+00:00,0.013731300000000042,0.000691955063057153,0.036366000000000086,0.010164540863298257,-0.022651200000000107,0.10587720000000005,-0.014107499999999999,0.0,0.04029794999999992,0.004504500000000029,0.017852992509901255,0.0064019998323544495,-0.0006171105586960083,-0.007682400000000066,0.012848549543961911,0.002550888111902741,0.0,0.009886162169018211,0.015987674909259435,-0.0033990032544703626,0.03629339999999985,-0.0020000305403510264,0.005167796374724621,0.0,0.005345999999999939,0.021779999999999848,0.0,0.0049130638980355475,0.013295699999999987,-0.026041922559520456,-0.024218700531065337,0.017206199999999956,0.002435399999999886
2025-11-28 18:00:00+00:00,0.0052569000000000955,0.0,0.011348700000000107,0.0,0.035864400000000095,-0.000514800000000132,0.001155,0.0,0.006847495788839651,0.00691349999999994,0.0,0.0,0.018189599999999962,0.006081900000000096,0.0,-0.000920699999999988,0.0,0.0,0.006352447790306414,0.00442199999999988,0.0038609274883237865,0.0,-0.005491200656897704,0.0,0.0034452000000001677,0.0018809999999999398,0.0,-0.004445674458034746,-0.018064200000000075,-0.0020987999999998916,-0.001755600000000054,0.013127400000000065,0.007306199999999957
2025-12-01 21:00:00+00:00,-0.005844371176882901,0.0,0.005580299999999951,-0.013827447219593536,-0.02595450000000003,-0.055902796267673915,0.012209237313867815,-0.006299822743995282,0.0,-0.005923589533003383,-0.0034782024665574772,-0.0015840000200003396,-0.00045870168975886824,-0.039852511377593255,-0.013064700204425007,-0.01966802632852362,0.0,-0.006329847908309375,-0.007425559649924484,0.013628999999999909,0.0,0.0,0.0,0.0,-0.005227200000000198,-0.01385999999999985,0.01045890985604302,-0.008421599999999993,0.016661700000000078,-0.02361150000000006,0.04345110000000002,-0.010870200000000017,-0.00892979999999998
2025-12-02 21:00:00+00:00,-0.0006502121035009576,0.0,0.0062699999999999995,-0.007638991414865973,-0.06793651986361315,0.02425498056491151,0.0,-0.003511609448117133,-0.002085609443598123,-0.001128670145905835,0.016777195052259726,-0.00022440009955144432,0.0,0.0,0.007336889778263862,0.0027290411434802353,-0.00444884673901985,0.002435400000000036,-0.0048842910396424116,0.00940500000000015,-0.0008396714966499439,0.0,0.0,-0.0007198062709986606,0.011668220624552323,0.01293591609441723,0.0,0.004593599999999874,0.007735199188513538,0.00787049999999997,-0.020628299999999922,-0.0017886160702418055,-0.020702234419174823
2025-12-03 21:00:00+00:00,0.0,-0.002228057518500586,-0.006278635636545368,0.0,0.0,0.018986530076911454,-0.002351378287057514,0.01244430000000001,0.007517390570234088,0.0001319480264331287,0.0,0.0006863996616882741,-0.0009091548366877532,0.004399690701888348,0.04123350000000009,0.009114598823470715,-0.027719999999999998,0.04416389999999997,-0.0004950130830800571,-0.0008250028832949101,0.024835799999999922,0.004748597846124516,0.0,0.0,0.014479310923028059,0.0,0.0,0.03359069999999999,-0.007774800263574302,-0.03410549999999997,-0.021288614473316182,-0.02328479999999998,0.0003942713636245389
2025-12-04 21:00:00+00:00,0.0,-0.004884262600495749,0.011988899999999976,0.019815630262078433,0.0014153429622293582,0.02686859999999987,0.0056925,0.012143976525013409,0.0003101562942660757,0.0004615250241233343,0.003933594151720836,-0.0013068004120973728,-0.013256100000000022,0.04610099999999994,0.01755599999999994,-0.0069201000000000835,0.0077615999999999935,-0.01764180000000001,0.042800999999999936,0.0012539980963399329,-0.013856213581961251,0.000986655280249438,0.0,0.0034712984412253126,0.009424799999999981,0.004718894018982064,0.0,0.006464564327941329,0.0,0.00787049999999997,0.000877800000000102,0.005345999999999939,0.000788699999999958
2025-12-05 21:00:00+00:00,0.0,0.0,-0.05195189999999994,-0.01110606174294141,0.0,-0.03977159999999999,0.028874999999999998,0.0,0.009147599999999933,0.002197799999999952,0.020426010000000126,0.0005675999254866019,0.0013298999999999158,0.01047750000000015,0.00103950000000003,0.010899900000000065,0.01140479999999998,-0.007989300000000012,-0.002075803882840296,-0.006930001726823566,0.0236740271639835,0.0,0.0,0.012206699999999928,-0.004151399999999976,0.00283800000000012,0.0,-0.0008844148604434576,0.0,0.012260777181852221,0.0067526192590429395,0.004395600000000054,-0.007098300000000071
2025-12-08 21:00:00+00:00,-0.0026599423009865766,0.0,-0.006850800000000072,-0.0027415643135246634,0.0,0.0277529396845889,-0.019057499999999998,0.0,0.014708092076093238,-0.018506403474300326,-0.001783979999999983,-0.002494800714043099,-0.008622261828080067,0.012363449999999897,-0.0355278000000001,-0.022601700000000075,-0.01632905410603677,-0.014879699999999897,-0.019747236117268703,0.0014519990377390604,0.0034814999999999096,0.0,0.0,-0.01925284191971379,0.002468400000000006,0.023891983978250625,-0.03397194308256541,0.00036959999999996394,0.003629999628731566,-0.004347284425028379,0.006315703870651405,0.00963599209581083,0.008675700000000137
2025-12-09 21:00:00+00:00,0.0030755940772159373,0.0006928892476860892,-0.002900097246673881,0.0037851000000000837,0.0,0.0,0.02235648676383818,-0.04705147247823003,0.0,0.0,0.0015034800000000132,-0.0011616000000651229,0.0039081899999999494,-0.019697700000000016,0.026165699875957616,0.00881759928371182,-0.004785633890473964,-5.939999999994597e-05,0.0,-0.0030359999999997897,-0.017407542266098728,-0.001082476376352838,0.0,-0.003541231931038205,-0.008514121903989402,0.0,-0.0035540999999999936,0.005266800000000012,-0.005662800633357947,-0.031231199999999806,-0.013919399999999945,0.0015245999999999639,-0.005520900000000006
2025-12-10 21:00:00+00:00,-0.004705801056753043,0.0003626978574685154,-0.0071996217023183855,0.006104999999999999,-0.0033808396155062107,0.0,0.018479161281522525,0.00636895285542786,-0.0005445008185264351,0.0,0.034164899999999915,0.0049367999423670745,0.013844472848991277,0.0031432500000000297,0.0,0.006233698864477915,0.005775,0.013988699999999807,-0.00022440011062921256,0.00593999999999985,0.0,0.010157399999999915,0.0,8.9099999999994e-05,0.019410600000000052,-0.011586302560688173,-0.007108199999999987,0.012473999999999909,-0.0002244000638363377,-0.011764451860411668,0.016803600000000023,-0.026386800448728934,0.025238400000000005
2025-12-11 21:00:00+00:00,0.0,0.03874194403311804,0.016680030735083937,-0.01372482351128744,-0.026791896242075394,0.0,0.0034055999999999037,0.02560800000000012,-0.0016044599999998762,0.0,-0.002075699999999988,-0.0019668000832877394,-0.011848660018296285,0.01676400000000006,0.0022202399403417846,-0.021562199999999896,0.009405,0.024944659634262078,-0.030003611536602384,-0.014912714484443944,-0.0020196742545902768,0.008840699999999988,0.0,0.061805699999999984,0.021212399986224997,-0.010484099999999993,0.005923500000000089,0.006045490383615497,-0.013305599999999904,0.0,-0.0109725,0.0,0.016562700000000017
2025-12-12 21:00:00+00:00,0.0,-0.0014025097302716948,0.0,-0.015044221118393005,0.0,0.0,0.0030341291376819114,0.0013527681718527764,-0.029785154124946357,0.00669898246492703,-0.021598499999999937,-0.007761600021574772,0.0,-0.02305050000000012,0.023961960000000025,-0.01333861064445059,-0.001155,0.0021020425769116627,-0.042398402782341346,0.0,0.003365993471782376,0.01090980000000013,0.0,0.0007094499230257178,0.0,-0.025485903821054357,-0.012233653923644415,0.0,-0.03125760000000008,0.0,-0.003590495476567621,0.0,0.010253100000000053
2025-12-15 21:00:00+00:00,-0.010718413532545214,-0.00480149999999991,0.0,0.0,0.0,0.0,0.0011878030247903005,-0.002676495816035367,0.0,0.013325399999999885,0.0042982482859679925,0.0,0.0,0.0,0.03286799999999997,0.0,-0.006600516691749089,-0.000896842492818273,0.0,0.0,0.0,0.005312775452438522,0.0,0.0,-0.0020725322578150963,-0.006336128081470378,0.0,-0.001221827384920002,0.007497600000000083,-0.006636438661369738,0.0,0.0,-0.011436689523409035
2025-12-16 21:00:00+00:00,0.01187667318954031,-0.00424050000000012,0.0,0.0,0.0,0.0,-0.004433491435941468,-0.01291950000000003,0.007075856568395256,-0.01649426769807424,-0.013384801697940825,-0.0023364000072499946,0.0,0.00419100000000009,-0.010170600005536611,0.00020459792595599083,-0.003725851669500016,-0.017110613033528402,-0.005702405797635219,0.0031547938183500352,0.023357295727737013,-0.007920879739746983,0.0025574960380537956,0.0,-0.008058600000000174,-0.014685005063025855,0.0,-0.01538791557272383,0.005596800000000012,0.0,0.007985873330471868,0.0023825925147225595,0.0
2025-12-17 21:00:00+00:00,0.0022275,-0.00199649999999991,-0.006255619232769727,0.0,0.002944140519900761,0.0,0.0,0.001069200000000078,-0.04897199999999988,0.009656460000000056,0.0,-0.00884399999999991,0.0,-0.03352799999999997,0.0,-0.0281852999999998,0.0004782466711213146,-0.002528456899340722,-0.0922812000000001,-0.002616901157998068,-0.03201000000000015,0.0,-0.002062542271611428,0.0,0.005227200000000048,0.0,0.0,-0.005854220306750712,-0.019602000008239886,0.0,-0.015113999999999909,0.003867590677605876,0.0
2025-12-18 21:00:00+00:00,-0.005487903995077949,0.0028845279412056425,0.025571699999999777,-0.0015764574093344616,0.027830550000000162,-0.04032600657685064,0.0,-0.00077553391607305,0.01195655999999999,-0.002613600000000024,-0.005055600047397847,0.005649599999999964,-0.0015906124274595822,0.014668499999999939,0.0,0.015800399999999885,0.0006796604397517557,-0.009629665172460822,0.030637200000000045,-0.001785304162595139,0.004481399999999976,-0.00454450452423759,-0.002062511366223766,1.3069857405112088e-05,0.007292569019832008,-0.0015510224241163813,0.0,0.014906077015895861,-0.002841300612528189,-0.00578565023972546,0.005939927113160734,0.0,0.0
2025-12-19 21:00:00+00:00,0.00010559338756344914,0.00988350000000009,0.004365900000000006,-0.004415448255860169,0.06943859999999986,0.0051033478802625125,0.0,0.0,0.05965344000000001,-0.012751199999999957,0.021713981059717852,0.008065200000000017,0.00407549999999997,0.010477499999999999,0.0,0.01392930000000001,0.003534300000000012,-0.0021086999999999577,0.024829200000000076,0.0023561970129288737,0.01280400000000006,0.019034399999999944,-0.00425700575843583,0.008527200000000047,0.0063128400825393964,-0.006963037295910062,0.0,0.0,0.03999930000000001,0.05033159999999999,0.0,-0.0046002032106483145,0.0
2025-12-22 21:00:00+00:00,-0.005544000000000059,0.008744830175524671,0.017463600000000173,0.019422738034983688,0.009919799999999982,0.01068372480107076,0.0,0.000587118795289175,0.00462,0.004223728085643402,0.0,0.005966399999999976,0.0009998934399143536,0.0020954999999999698,-0.0062462400302206785,0.009117900000000035,0.001352446087397061,-0.00475200000000018,0.004659599999999963,-0.00943800000000012,0.030729600000000114,0.012605757756536358,0.0,0.0074447999999999815,0.0136125,0.014849999999999999,0.0,0.018374396813655988,0.0103289999280155,-0.001227599999999934,-0.0010566073692597547,-0.001973402494120382,0.0
2025-12-23 21:00:00+00:00,0.0007158095380161876,0.0,0.008731800000000012,0.0,-0.018737399999999915,0.0,-0.002772175022112028,0.0,-0.003231395433547973,0.0010869295987889016,0.0017621323941881244,0.0035507999999999217,0.0025360154009009053,-0.02514600000000009,-0.0067801802976359335,0.012919499999999879,0.0032734434009744607,-0.003271988131416374,-0.000475200000000018,0.00508200000000003,-0.017936685696380773,0.0,0.0,0.002983199999999988,-0.00196372549701402,0.012374999999999999,0.0,0.012269400000000095,0.0,-0.017800200000000016,0.0,0.00227700000000003,0.0
2025-12-24 18:00:00+00:00,0.017265599999999902,0.0,-0.001247399999999916,0.005312520542271395,-0.010360680000000061,-0.00016501961322282568,-0.007444825250747976,0.0,0.0,0.001643400000000006,0.00103950000000003,0.0030624000000000658,-0.0024106795477722106,0.006286500000000059,-0.0016236000000000239,-0.0003266999999999279,0.01029600000000009,0.0,0.007735200000000018,0.006276597115843551,0.0,-0.00323404569624774,1.649825979025081e-05,0.00501599999999994,0.0006070417419226578,0.0044880000000001195,0.0,0.01707419999999993,0.0,0.005524200000000078,0.0,0.0023165999999999938,0.0
2025-12-26 21:00:00+00:00,0.0010295999999999639,0.0,0.0014345099999999182,-0.0154410333737202,0.0698794800000001,-0.0162525,0.000290400000000036,0.0021644180828708204,0.0,-0.006019199999999928,-0.015640358934156082,0.000290400000000036,0.0009438000000000419,0.04191000000000015,-0.01882979999999983,-0.0035080023783530894,-0.00034319999999998796,0.008579973975823323,-0.006508368749570831,0.0,0.0,-0.00127049999999997,-0.00311849999999994,-0.00036959999999996394,0.0,0.01395900000000006,0.0,-0.006164627844628858,0.0,0.04351841999999993,-0.0034334303647480598,0.000178199999999988,0.0
2025-12-29 21:00:00+00:00,-0.006715584707219987,0.0,-0.004961290330400006,0.0,-0.01543080000000007,-0.0074910099753571465,-0.0014519999999998798,-0.013543199999999988,0.009658431760455359,0.003643199999999988,0.0,-0.00316799999999997,-0.00235950000000003,0.046310550000000006,-0.03197700000000018,-0.0023826149804884924,-0.010124400000000096,-0.00846450000000003,0.0008313466452293232,0.0,0.0,-0.007771543685024807,0.00369599999999994,-0.001399199999999928,0.0,-0.00617100000000009,0.0,0.0,0.0,-0.020194019999999986,-0.02488200000000018,-0.00237599999999994,0.0
2025-12-30 21:00:00+00:00,0.0,0.0,0.0233447957055541,-0.0034970920764704986,0.06276494645145858,0.0002236646786688425,0.002105399999999886,0.000415800000000072,-6.666429442308981e-05,0.0073458000000000715,-0.009910580851789518,-0.0006864000647660304,-0.0013249651107184353,0.03960494999999996,-0.00910799999999982,-0.002230801386890016,-0.005491199999999957,0.010746588759997552,-0.005029200000000077,0.0,-0.004623719036746006,0.0,-0.0015014999999999098,-0.002217600000000084,0.0,-0.00349799999999997,0.0,0.0,0.0,0.00613799999999997,-0.0066,0.003055793546054383,0.0
2025-12-31 21:00:00+00:00,0.0,0.0,-0.005825607561324641,-0.0034984415362708248,0.0,0.0,-0.007380276107789827,0.0015113015026090714,0.0,-0.00237600000000009,0.0,0.0,-0.004650033545669753,-0.08801099999999994,-0.00960300000000012,-0.0017853183355487725,-0.00788098388163804,0.0,-0.008579999999999999,-0.00309210943615893,0.0,0.0,-0.0028710082160572116,-0.004159062846403985,0.0,0.017324958643316877,0.0,-0.003333939924818405,0.0,-0.05312512496821208,-0.010296089677479575,-0.004329630670671568,0.0
2026-01-02 21:00:00+00:00,0.0,0.001171354454680013,0.016724399999999796,0.0,0.0,0.014247412999658567,0.0,0.007035516088528279,-0.003976500844276097,-0.012550820898316115,-0.042335703503591095,0.0,0.0,0.01047749999999985,-0.01646700006197154,0.005699089298328872,0.0,0.0,0.0348084,-0.024509101393130006,0.009899999999999999,0.0020293272180285974,-0.0011617140874244296,-0.0006747339660597344,0.019598234182176055,0.0,0.0,0.0013851600365419744,0.0,-0.0027964925899998795,-0.004045867482676926,-0.021641399999999974,0.0
2026-01-05 21:00:00+00:00,0.0,0.010658958889814725,0.05417099689703316,0.0043814889832720924,0.00593410539222139,0.06796217999999997,-0.0038373775983972652,0.02506680000000001,-0.0014883006331428714,0.003385799999999922,0.0328316590509986,-0.0032076000283563734,0.0032438982427693097,-0.05972174999999997,0.0,0.00623699999999988,-0.002680190706099506,-0.0009537483822924241,-9.773560664143588e-09,0.0,0.0231,0.022175957052093003,0.005108400000000006,0.019839591359081712,0.0172027028038009,-0.018595514972819974,0.0,-0.002887533951411069,0.0,0.006425099999999934,0.0,0.0036101944512878796,0.0
2026-01-06 21:00:00+00:00,-0.0005907826008032088,0.0,0.01400320265247445,0.0016186028410381276,0.0,-0.011754599999999964,0.004478875576943483,0.006266700000000077,0.002164799188332072,0.0009702000000000179,0.03169650000000006,9.239988172700577e-05,-0.004065605757376384,-0.01781174999999997,-0.0013068002222438827,-0.007543799999999891,0.0,0.025479259530521433,0.007087049025429859,-0.0036729092418341268,-0.00864599999999994,-0.0019341703872768402,-0.004844401245466501,-0.001993219326900944,0.0,0.011932771484587028,0.0,0.000823939936634083,0.0,-0.005093049178303945,0.0,0.013628997679459198,0.015830076462723927
2026-01-07 21:00:00+00:00,0.0,0.0,0.0,-0.008913300000000072,0.0,-0.040154399999999944,0.0013396082788074636,-0.023466344670982627,-0.023245244811078803,-0.008810999999999939,0.01932973989307767,-0.0019932000143616643,-0.0034716209150251367,0.0,0.0,0.022007699999999866,-0.0049634272959797636,0.0,-0.006033055084987459,0.0,0.029501655631237595,-0.029268177508298143,0.0,-0.005002851919716645,0.0,-0.018892548966268637,0.0,0.0,0.0,-0.005498761036933533,0.0,0.017509797001002952,-0.006177599999999933
2026-01-08 21:00:00+00:00,-0.008477700729652315,0.0,0.007510738861244708,-0.011173840566032536,0.009380037977545894,-0.023813100696910335,0.010594092056485973,0.0,0.0,0.011609365981511046,-0.021694867067691838,-0.0019536005112216434,-0.00029040117086246933,-0.010477499999999999,0.0,0.012087900000000035,-0.0029171999999998977,0.0,0.0025475805953298005,0.006718795225844487,0.0,0.009107999990829098,0.0,0.0,-0.0005544980194943764,0.0,0.0,-0.009075585220679354,0.0,-0.005590343338837342,0.035969936530305655,-0.0019734240388163834,0.05019299999999997
2026-01-09 21:00:00+00:00,0.009434700000000048,-0.006517805548802703,-0.008636000728150378,-0.002434052911432327,-0.025911599999999993,-0.005306422282974103,-0.0020727152083962344,-0.0026171304494527836,-0.015391201489132844,0.0,0.0038709000000000057,0.0038939999539681727,0.00024418945268853804,-0.014458950000000017,0.009045299974191944,0.009385200000000017,-0.010639200000000078,0.0,-0.01226279999999995,-0.011724902916676397,0.0,0.0,0.005966395294769722,0.0,0.0,0.0,0.0,0.006104999999999999,0.0,-0.009609600000000114,0.0,0.002356200000000108,-0.013899599999999963
2026-01-12 21:00:00+00:00,0.01793880000000004,0.0,0.0,0.028214999999999997,0.08371439999999994,0.020060039999999852,-0.003141674255424227,-0.017853006850997038,0.020928600000000023,0.0,0.009767009999999918,-0.0005676001096561685,-0.0021120019331315916,0.039604950000000104,0.008276399999999975,0.010513800000000191,-0.008408399999999856,0.0062335327703154,0.02468400000000006,0.0027951000000000837,0.024763792341476094,0.0020722268914083225,-0.002851199999999958,0.0,0.005114893944091705,0.01668474042758138,-0.0024995492034288343,-0.029865,-0.0055044007901660095,0.022822799999999952,0.020110199504051428,-0.002290209736150423,-0.013127400000000065
2026-01-13 21:00:00+00:00,-0.00113850000000009,0.0,0.0,0.008401800000000011,-0.03338609999999987,0.006465020661940602,0.011325600000000054,0.0,0.06116219828525069,0.0003100961787679125,-0.0010097999999998319,-0.001663199999999988,-0.007953000486048363,-0.03143250000000015,-0.013737240668901926,0.01784639330289413,-0.011325600000000054,-0.021539285841290834,0.010744259131933416,-0.0025476027852500147,-0.04485689999999994,-0.01496880000000004,0.00026399640483289655,0.0,-0.016226100000000174,0.0,0.0,-0.0012376450958515941,-0.004818000020791101,-0.020420399999999884,-0.0007821511500786573,0.0,-0.0030888000000000417
2026-01-14 21:00:00+00:00,0.008919900000000066,-0.0003631354831515182,0.0,-0.005017897529431243,-0.02242349999999994,0.005362482105298304,-0.06585156521106032,0.0,0.003930298767324175,0.0008855136561728158,-0.00292281000000014,-0.006111600061725248,-0.021001200575334392,-0.027241499999999908,0.0,0.006144563298710268,0.019562400000000067,0.009708552582629959,-0.010427999999999969,0.0028247912747984627,-0.014302199999999897,-0.04616042350876488,0.0,0.0015707452300663042,-0.05401770337597041,0.0,0.0,0.0,0.0,-0.029429399999999946,0.019747120227689957,-0.014480405596099612,-0.017405433085478206
2026-01-15 21:00:00+00:00,0.005484599999999964,-0.006435164527027845,0.0,-0.01669193574451341,-0.0034707941598769274,-0.075735,0.0,0.0,-0.02268090009511088,-0.005900400000000036,-0.007977419999999992,0.00198,-0.004204203002237345,0.014458950000000017,0.0,-0.00900240112933261,-0.010626066789604286,0.007094976480914019,-0.0025740000000000597,-0.0054120036389248205,0.033735187709177265,0.0,0.0,2.603337619006197e-05,-0.00548470914996049,-0.019298407014181024,0.0,0.0,0.0,0.01081079999999992,0.0,-0.0027984186794470585,-0.002983199999999988
2026-01-16 21:00:00+00:00,0.006969599999999964,0.0,0.0,-0.00320562761777403,0.0,-0.023612192162376075,0.0,-0.0029733125828966603,0.015782910000000074,0.001841400000000126,-0.03404147999999998,-6.600003740989905e-05,0.00097679682346381,0.01697354999999983,0.0,0.0,0.0,-0.023255100000000084,0.05184959999999996,0.0,-0.011649092054237316,0.0,-0.005280008602088059,0.0,0.0,0.0,0.0,-0.0056496819558827065,0.0,-0.012011999999999879,0.0,0.0,-0.01230598820765671
2026-01-20 21:00:00+00:00,0.002550817868498793,0.0,0.0029229631291131496,-0.02450619409335802,0.0,-0.02823743999999992,-0.0012412487625978338,-0.01915984668936833,-0.00021021000000005641,-0.01516680000000016,-0.012454200000000077,0.0,-0.03207599999999994,-0.03143249999999985,0.0,0.0,0.0,0.021294900000000064,0.004369200000000077,0.0,-0.034927199999999894,-0.021773417424013827,0.0,0.0010658687760052908,0.0,0.0,0.0,-0.04392960000000011,0.0,-0.018669795711686924,0.0,0.0013727942733089457,0.0
2026-01-21 21:00:00+00:00,0.0,0.0,-0.016315234461074864,0.0,-0.005458723476201953,-0.004118560203810953,0.015191344385322277,0.0,0.06405299913855945,-0.0006376835589582379,-0.021030900570672768,0.0061907998669474,0.007835496999650722,0.02095499999999985,0.0,0.0,0.006263255392656697,0.022067100000000114,-0.028538412802635853,-0.01178760070370451,0.021344399999999944,0.001550762399476207,0.0,0.001692899999999886,0.0,0.0,0.0,0.005504352593379453,-0.0060456001379067805,0.0,0.0049562262144216855,-0.02236080102163445,0.0
2026-01-22 21:00:00+00:00,0.0008282733232889859,0.0,0.03882119999999996,0.0,-0.021001200000000105,-0.0006233429700358693,0.0,-0.008217013656029662,0.014770800000000072,0.0,-0.004963203845127728,0.0029567999801586526,0.016679844563798986,0.022421850000000052,0.0,0.0,0.020344216314131365,0.024947999999999818,0.0,-0.008487605066792461,-0.010355444794952063,0.0,0.0,0.002108700000000108,-0.007286462831437847,0.0,0.0,-0.010698769993292202,0.0,0.0,0.05328180000000001,0.014632199999999897,0.0
2026-01-23 21:00:00+00:00,0.00697950000000003,-0.004719041919066417,0.006279899999999916,0.0,-0.018166707314976275,-0.027683735771698036,0.0,-0.008151181383355618,0.023561999999999878,-0.004824699919782224,0.025211969914855983,2.6399935446866038e-05,0.00046199947657289155,-0.026612849999999993,0.0019271994680452233,0.0,-0.007327805849244805,0.003887391604909558,-0.0023496173410056326,-0.000950400000000036,0.0,0.0,0.00013134089380677322,-0.000534599999999964,-0.012005400000000036,0.0,0.0,0.0,-0.0014388003524583746,0.0,-0.027383399999999853,0.0273899991171798,0.0
2026-01-26 21:00:00+00:00,-0.005504399999999946,0.003646390062138125,-0.0031274436182751196,-0.008388803470082452,0.0,0.0,0.0023923019959815653,0.00019788538500250524,-0.03373524000000002,0.00920699999999988,0.0,0.004435199999637607,-0.003286800000000012,-0.01047749999999985,-0.02036760005157183,0.006141280262934733,0.0,0.0,0.012579569135564583,0.025053595649054263,0.0,0.0,0.00427349999999979,-0.011678833394566827,0.011893199999999987,0.0,0.0,0.0,-0.006138000593120601,0.0,-0.012652200000000047,0.0,0.0
2026-01-27 21:00:00+00:00,-0.00727650000000006,-0.009025525342090217,0.01300868885671336,-0.0017093999999999458,0.0,-0.015592499999999999,-0.015868146320929772,-0.00339900000000021,0.0066475145800020344,-0.012249638155959145,0.0,-0.0003828000358115514,0.025937999999999968,0.00838199999999973,-0.009477600188593765,0.0,-0.00773613657610826,0.0026399992015148427,-0.0005676001751859121,0.0,0.0,0.0,-0.005643021369231469,-0.010041902041529733,0.007405200000000017,-0.006692403922413618,-0.022223222931258994,0.002930272076995152,0.0,0.0,0.01098900000000006,-0.0031416006661765094,0.0
2026-01-28 21:00:00+00:00,-0.00950399999999991,0.0,0.011979000000000059,-0.007379391436137552,-0.005339056241316721,-0.015120633401235959,0.0,-6.603166052091183e-05,0.0,-0.007359011128070342,0.0,0.0010691999707969626,-0.02269079999999992,-0.009848849999999933,-0.0056199008441098295,-0.0007458133075966088,-0.025047000000000028,0.03550799999999997,0.024908400000000004,0.0,0.0,0.0,0.0,0.0,-0.0075173999999999155,0.009979199999999928,0.0,-0.001702964627883375,0.0008579993695966367,0.0,0.01653245237471507,-0.04055039999999988,0.0
2026-01-29 21:00:00+00:00,-0.007642799999999951,0.01143443421592086,0.0,0.004101614425584666,-0.004303530000000055,0.04595247421542224,0.0,0.009437976277959382,0.03249839884377507,0.006217200000000048,0.0016136985501513617,0.0,0.010216799999999861,0.04002320366701913,-0.025555200281066854,-0.0015213171888803208,-0.01978350000000009,-0.00528,0.007642799999999951,0.002247298668153426,0.0018396993877201155,0.005124850462222343,0.0,0.0,0.027825599999999902,-0.03010920046951443,-0.007919999999999849,0.004989555600600451,0.0051479999999999694,0.008017654021684825,-0.007959947411452827,-0.05320260000000008,0.0
2026-01-30 21:00:00+00:00,-0.01615021219241199,-0.0024255282643122606,-0.021293786189948576,-0.022466407863518778,-0.025964397651091837,-0.015180067817338634,0.0,0.0,-0.06436320150468128,0.008197200000000047,-0.03498659999999984,0.0,-0.006640919999999932,0.0,-0.009154200396101536,-0.003181200726242741,-0.00490049999999997,-0.018942011664231803,0.007616359940717266,0.0037389000000001256,-0.009572079174839477,0.003009600000000114,0.0,-0.006448273480102147,-0.0019008261384653904,-0.006629736624871466,-0.01108799999999997,0.005074843593549121,-0.0022110001447711645,-0.03580500000000015,-0.009979220932749439,-0.012038400770937732,0.0
2026-02-02 21:00:00+00:00,0.01576737819681595,0.027142499999999847,0.0,-0.002702699999999868,-0.08025073007830132,0.0,0.0,0.0,0.013712159858748931,0.012810599999999903,0.012790799999999922,-0.0013860000312122974,0.012026519999999987,0.0,0.0,0.0,-0.00363,-0.004950093301260903,0.03771239999999992,0.03706229999999998,0.0,0.012272342659738965,0.0,0.027706700308887774,0.0,0.022090119705616088,0.03167999999999985,0.0008842423284235974,-0.00212850110555863,-0.005775,-0.006956399999999825,0.0,-0.003341636824895936
2026-02-03 21:00:00+00:00,0.009434700000000048,-0.007523999999999909,0.004874004718873029,-0.014800500000000119,0.022573109123650573,0.0,0.0021249146085525715,0.01005835705840157,-0.0009279608610109835,0.0005310552838604553,0.058624500000000024,-0.0034320000048738935,0.0013952356782962441,0.0,0.0,0.0014915942526595198,-0.19017900054491146,-0.001518134383406259,0.04925576222760593,-0.0009438000000000419,-0.016015490734580657,0.0,0.0,-0.015836829523210864,0.0,0.008906686709019817,-0.04673312778689967,0.008497223708788878,-0.026769600000000112,0.023581303550058722,-0.026479200000000078,0.0,-0.015592499999999999
2026-02-04 21:00:00+00:00,0.011975495869766668,0.00460349999999994,-0.06058828187977402,-0.020909027526981126,-0.012585519441311034,-0.05709001381695688,0.020671199999999956,0.007098299999999921,-0.009801000480662141,0.008670734975673559,-0.11737439999999993,0.002032799981107764,-0.015932400452185774,0.0,-0.0017968502906768572,-0.016394399999999944,-0.014239594455476776,-0.004191012103856697,-0.025891801856961206,0.023558699999999957,0.0,0.0018346851898720842,0.0,0.003468222420554157,-0.003816193993290053,-0.029855104768047924,0.0,0.0007424587371452844,-0.03645510034918696,0.0017317723772785848,-0.03449490701474143,0.0006401999337514553,0.016335
2026-02-05 21:00:00+00:00,0.0,-0.00268950000000003,0.0,0.0,0.004725600000000054,-0.06443416221341278,-0.02645279999999995,-0.02090880000000004,-0.03895980741435557,0.0,-0.05876640025025498,-0.015140400046103354,0.0,-0.02395885624606677,-0.026329050322100405,-0.004910400000000036,-0.023215549887283013,-0.008910012065808414,0.0,-0.0008348999999999159,0.0,0.0030555580857972242,0.0021383981950073346,0.0,-0.01629020992178256,0.0032636932795017263,0.0,0.0,-0.008134500000000029,0.0,0.0,-0.04087050053514506,-0.0081675
2026-02-06 21:00:00+00:00,0.0014915846907384183,-0.00518099999999994,0.004778352190017381,-0.006123778880988075,0.05139089999999985,0.11562869429687646,0.007207200000000047,0.03599640000000012,0.07498424466530505,0.0,-0.008216340386783868,0.016539599999999963,-0.01731972035056927,0.0,0.016911839958199257,-0.028287601475757533,0.007484354597235765,0.026931217975937977,0.0,0.008418299911856037,0.030511754438478846,0.0221231320827662,0.0005609999999999399,0.0,0.022070400000000035,0.004052395996256255,0.0,0.0038675454938928984,0.06933959999999996,0.0,0.004506848151346785,0.0,0.006682499999999999
2026-02-09 21:00:00+00:00,-0.002349599999999964,-0.02204400000000006,0.009081599999999993,0.02494799999999997,-0.010632599999999933,0.0,-0.006890400000000035,0.006797935615478167,0.0,0.0,0.051836399999999824,0.0027587994357081104,-0.012203400628906874,0.0,0.014222670000000052,0.0016565739157490952,0.008705344727177699,0.0,-0.013470628945464608,0.0,-0.0165825,-0.005577070507310845,-0.0051546085103455425,0.0,-0.00856698315268608,0.015549599999999964,0.04016356083192465,0.010282751570807313,0.03445199997145555,0.0,0.0,0.0,-0.015592499999999999
2026-02-10 21:00:00+00:00,-0.017344800000000056,0.013562999043489102,-0.0031785600000000204,0.0031877999999999516,0.016539600000000113,-0.021984611067596097,-0.007840799999999922,0.0,0.0,-0.00032189397559970076,-0.024795539999999974,-0.004686000023303486,0.0015872989158031258,0.0,0.013275898814913506,0.0,0.0,0.0,0.0,0.0,0.007296299999999892,-0.01574099999999994,0.0,0.0,0.004461566599276866,0.017107200000000048,0.013709777101126313,-0.0001716647514412989,-0.0067155000596352465,0.0,0.011015392462065482,-0.01890240014675757,0.0007425
2026-02-11 21:00:00+00:00,0.004540799999999997,0.0,-0.021111070550746108,-0.030683406792463137,0.017720999999999938,-0.11870562358449199,-0.006098400000000156,0.0,-0.002732406248476782,-0.004403884898111264,-0.04415268351203124,-0.0011616000040426387,0.0,0.0,0.006946499721565692,0.0,-0.002739089051451556,0.007688989921006691,0.0016202956800915717,-0.010857000134669219,-0.0497475,-0.015183504570795689,0.0,-0.002442370754804251,-0.020476604304003103,0.03352799999999997,-0.01675963759676628,-0.034148467215802426,0.007820999999999939,0.0,-0.012058200000000137,-0.011979000822565207,0.014849999999999999
2026-02-12 21:00:00+00:00,0.005900396163293735,-0.008448052236226985,0.0036428952924154145,0.0,-0.017175509897378597,-0.08974022625435533,-0.020663279999999996,0.0,-0.006623103666491784,-0.006608274202761645,-0.026784452873294305,0.0,-0.0006996014368532405,0.0,-0.022773960000000055,-0.019311606824176254,-0.032039700000000046,0.01801790095466419,0.005035784962307016,-0.04091010221049109,0.015835214930268616,-0.002732438990727064,0.0034814994963177875,-0.00897602717629903,-0.003241130663805284,-0.017806807424935296,-0.000839115583502994,-0.004607020181604834,0.0002639998189202151,0.0,-0.04173181134947979,-0.0002508083141071256,0.013364999999999998
2026-02-13 21:00:00+00:00,0.008540399000133871,-0.01686299999999997,-0.012487199999999898,0.0,-0.0062153155698738555,0.0,0.03491928000000008,0.0,-0.0032868017450812838,0.0,0.006784799188116425,0.0,-0.006890401072609497,0.0,0.001485,0.0,0.020498985816215422,0.026565,0.0,-0.022832699999999866,-0.011045558347951701,-0.0006604691055378634,0.0058805999999999034,0.0,-0.0031354011238726707,0.0,0.0,0.0,0.0,0.0,0.0,0.00362009934312935,0.0185625
2026-02-17 21:00:00+00:00,-0.003999607285930483,0.0077714999999999096,-0.009649200000000078,0.0,-0.006485866345307895,0.0,0.012396904104243935,0.0032339618899306513,0.008263197725298628,0.0,0.0009041988075297012,0.0,0.0,0.0,-0.013206599999999994,0.0,0.01318680000000001,-0.00999899999999976,0.009589797399550348,0.03129060000000005,0.03551954895967519,0.007061923315515605,0.001306800000000162,0.0,0.006289539361179277,0.004052238956482461,0.0,0.0,0.0060059999369494466,0.0,-0.0040293440349481666,-0.012150600000000053,0.0022275
2026-02-18 21:00:00+00:00,0.0,0.009949500000000179,0.03656377936325442,-0.006478537738257018,0.0,0.012454402881900719,0.00030360000000002397,0.0048411000000000235,-0.015245999999999938,0.0,0.038801390862479294,0.0,-0.0025542128654964334,0.0,0.001349039673027696,-0.005501110670768076,0.016605599999999904,-0.00471900000000006,-0.00158400000000006,0.0006170999999998139,0.0,0.0,-0.0037026000000000836,0.002161313028842287,-0.0018562620011948275,-0.004857599999999933,-0.011262419305312032,0.0,0.01704119966305266,0.0,0.0024285987287775515,0.006629700000000047,-0.02079
2026-02-19 21:00:00+00:00,-0.0014652257627658105,-0.013480552009965981,0.004130902924252964,0.0,-0.005389713869849037,0.0,-0.002569154789512049,-0.002138399999999856,0.016678199999999987,-0.0001570440548060287,0.0,0.0,0.0,0.0,7.424977915036834e-05,0.0,0.006104999999999999,0.0062699999999998495,0.014578633102415533,-0.004722311045216379,0.0,0.005768337633699793,0.001306800000000012,0.0,-0.010998900000000126,-0.00462,0.019158480000000012,0.006186877806604393,0.0,0.0,0.0,-0.00046200000000003,-0.00594
2026-02-20 21:00:00+00:00,-0.0010362674541440446,0.006385483448088289,0.002989674049999962,0.0,-0.00653400000000006,0.0,0.0,0.008078399999999855,-0.015615600000000052,-0.005592171057194491,-0.0024090015740352417,-0.0017952002046766392,0.0004553955441815651,0.0,-0.012503700075648843,0.0,0.004303937304695505,0.00273899999999991,-0.011557127220233564,-0.002656506543695345,0.0,-0.0007008754207112042,-0.002504700000000048,0.0,0.012087900000000035,0.025238400000000005,-0.021189649577601888,-0.009983935499834529,0.0017489989076110667,0.0,0.0,-0.002432100676823106,0.01782
2026-02-23 21:00:00+00:00,0.0,-0.05859160076673149,-0.02250705822935285,0.002441641304229615,-0.0027225000000001497,0.0,0.0,-0.021001205246742777,-0.01898490788688364,-0.004496422683810301,-0.03415170979258003,0.00022439999298253042,-0.025093200244338768,0.0,0.010896599609020159,0.0,0.0,-0.007788036521478634,0.001643400000000006,0.007580096793543148,0.0007447931146641576,0.0,0.0037026000000000836,0.0,-0.022902295370911405,-0.00105600000000009,0.012113911052587382,0.0017291464515634743,0.001567499773277691,0.0,-0.0030280091650500478,0.0,-0.021161507214215516
2026-02-24 21:00:00+00:00,0.0028181967862947587,0.0018149854424241037,0.0,0.023227818795383607,0.05476905808228012,0.00211170104698509,0.0008567952727075225,0.0,0.08573400000000006,0.0,-0.026756400354234197,0.006705599999999904,0.005722198669711333,0.0,0.021852599999999934,0.008517276819301936,0.0,-0.00016501176536212368,0.047213099999999904,-0.009174006485678237,0.0100871114397998,0.0,0.0018513000000000418,0.002610161121606002,0.00983397550737005,0.04287360000000002,0.047275799999999917,-0.01834802622591181,0.00569250000000015,0.003375584599468584,-0.005659518054007503,0.0006632999027987671,-0.004525957770396658
2026-02-25 21:00:00+00:00,-0.0035706147183411255,0.0,0.0,0.0,0.0,0.05184957434790298,0.024944527980522692,0.010850188324416171,-0.01588950000000003,-0.000755701103743172,0.010738197176633133,0.007365600000000054,0.00918918,0.0,0.01894199999999988,0.0,0.0,0.03253799999999982,0.0025508005826744237,0.0011549954779847393,0.012566400000000125,0.0,-0.000653400000000006,0.017047800000000102,0.02494799999999997,0.004408800000000042,0.04564560000000005,0.00764935532172547,0.011335499854937014,-0.011470800000000071,0.0,0.01798829955659401,0.012878663973597503
2026-02-26 21:00:00+00:00,-0.0020456670695015054,0.0,0.0,0.010031842433907463,0.010419660407142272,0.010475834216194252,0.03772229999999998,0.0016004564301003346,-0.03953400143082111,0.0165825,0.0,-0.009002400008969997,-0.012330779999999994,0.0,-0.030741150109003808,-0.0007755146838686369,0.009253157758215051,0.008678999999999909,0.0,-0.00475200000000003,0.04035230656029165,-0.004092025558929199,0.004464899999999916,0.010988999999999909,-0.00519749999999985,-0.028459200000000077,0.013468574199756998,0.01587299999999997,-0.0083556000719531,-0.02867699999999988,0.0,-0.008220321175450566,-0.014139146367616172
2026-02-27 21:00:00+00:00,0.023690699999999988,-0.0035644191335209596,0.0005150327666866633,-0.029699999999999997,-0.022083264154818743,-0.049084199999999925,-0.023784280142077684,0.0008678618330736844,0.0,0.002525627131991423,-0.006941221917942602,0.0011879999764108468,0.0019271913352429647,0.0,-0.010789350168286868,0.00038278371614883325,0.008579596258829415,0.022407000000000028,0.006392002852109903,-0.017226002796532778,-0.06129815999999983,-0.05469090897371891,0.0058806000000000535,0.010187099999999963,-0.027330705253953952,-0.006256800000000012,0.0,-0.04760581554852022,-0.0349140000639547,-0.015020651678768813,0.0,-0.015869699999999896,-0.01758755043968128
2026-03-02 21:00:00+00:00,-0.003488991431299041,0.0,0.014432219999999975,0.02455200000000003,0.0,0.041513999999999905,0.0,-0.008975999999999939,0.0,-0.046257768296653706,0.05702697000000006,-0.0001320001361877439,-0.005497800000000102,0.0,-0.00030690017511239147,0.0,-0.013094399999999945,0.0043890000000000595,0.007494300000000162,0.0021020954341814556,-0.043925702055740534,0.0,-0.009147600000000084,-0.013375059548617422,0.008698676911557781,-0.015483601699769428,0.010109004122094716,-0.0007460233028379434,0.0014651999130569674,0.0,0.0010018474201476373,0.00877799999999997,-0.009652624175185146
2026-03-03 21:00:00+00:00,0.00021762959558171814,0.0,-0.028604399999999943,-0.02521200000000003,0.0,-0.05124571402188995,-0.004309453505344954,-0.0223476612160198,0.0030359994676375343,0.0020988000000000417,-0.04757610159729523,0.0,0.0006468000000000119,0.0,-0.024878699999999955,0.0023132827389257407,0.01584,-0.014388077479007942,-0.061779305860256616,-0.010748101130229996,0.04267555468294852,0.005315981235139793,-0.0021813741137046553,-0.0006899629099890944,0.004657884826037034,0.0092795980758739,-0.02915549999999997,0.013391241148593962,-0.013252799999999952,0.0,0.0,0.015793797601354454,0.0
2026-03-04 21:00:00+00:00,0.0,0.0,0.015602400000000065,0.032207999999999966,-0.00207146573933222,0.0,0.0,-0.001989899999999766,0.05573699999999988,0.011959200000000078,0.02436059661734524,-0.0011880000339270327,0.036451800000000006,0.013503365356282387,0.03072299999999997,-0.0017853094950776266,0.009926399999999976,0.00798599999999994,0.0,0.0,-0.0016104000000000359,0.005451599999999994,0.0,-0.003923981777728404,0.01651319999999999,0.004078799473600234,0.04910400000000006,0.004365900000000006,0.016262399999999917,0.0,0.0,-0.007675800172592448,0.0
2026-03-05 21:00:00+00:00,0.0,0.0,-0.012351899999999945,-0.010890133686629987,0.002057931006765625,0.0,0.0,-0.01105170777677962,-0.01221000087536564,0.025581599999999993,-0.002445299999999802,-0.004105200036431843,0.010071599999999993,-0.026598000000000267,-0.001727879999999959,0.0,0.019430400000000035,-0.013398084691627463,0.0036067698337365617,-0.008827506863531084,-0.060792605766647675,-0.008956199999999958,0.0,-0.0055572062218228295,-0.0215028000000001,0.0,-0.051974366878383686,-0.015005363131184935,-0.011167200534024741,0.0,0.0,0.0063920994563662036,0.0
2026-03-06 21:00:00+00:00,-0.0020394183648408714,-0.00033000000629334405,-0.018272892011683653,-0.006336974836759696,0.0,-0.011893225925621158,-0.004317077028050985,0.0026399232768560114,-0.022443315204951984,-0.003009600000000114,0.028214999999999997,0.0,-0.013104309219107413,0.01432200000000018,-0.012508320581219444,0.0,-0.014150400000000035,0.0,0.0,0.00202948313548261,-0.01993089099179454,-0.018107099999999963,-0.001966856388306146,0.00783749959087951,-0.020077199999999896,-0.02448602298551848,0.0,-0.04163283735779977,-0.032432400015858204,0.0067511959212515505,0.0,-0.01005510076748838,0.0
2026-03-09 20:00:00+00:00,0.004751999999999955,-0.0075899999999999995,0.0,0.019204849439063237,-0.004528709436383173,0.0037603321141463763,0.005544000000000059,0.00432299999999997,0.0,-0.002910599999999904,-0.025629455707127557,0.008461199948232374,0.0,0.03846479999999983,0.023569259705773827,0.0,-0.02591871272819446,0.0,0.0062930975615818575,-0.0026169029120704317,0.02544299999999997,-0.030897933406444752,0.007075196322797433,-0.004128299999999922,-0.02007720000000005,0.004765182154266413,0.0,0.00046200000000003,0.006890399423367075,0.03870900000000021,0.004171186851574439,0.003095400000000036,0.008593170896383217
2026-03-10 20:00:00+00:00,-0.005227199999999973,-0.003762065820683601,0.004896133184615755,-0.012843802419193334,0.022420200000000015,-0.011135519999999895,-0.03842457674963759,0.0019799878816655655,-0.0037719006510718053,-0.006375600000000053,0.0,-0.0020988000000000417,0.0,0.14158320000000013,0.0011526899999999795,-0.0001518019745095944,-0.02112013521931686,0.0,0.008523899999999975,0.0,-0.031379700000000045,0.0,-0.009583199999999988,-0.0036234000000000058,0.005134782364468751,0.0,0.0,0.025079960749426485,0.0,-0.002807393330195323,0.040543720393348796,-0.011619300000000011,0.005728800000000042
2026-03-11 20:00:00+00:00,-0.003372600000000009,0.0,-0.020912694663029283,0.000591256503930731,0.010082740402850253,0.0011477400000000216,0.00689700000000018,0.0,0.006791399999999975,-0.000475200000000018,0.004497895039325922,-0.002851200022128032,-0.015794794049065374,-0.03887399999999991,0.019351199830007635,0.0035045999999998136,0.0,0.0,0.00836550000000012,0.0,-0.0033923999999999157,0.0,-0.015077703892408497,-0.012659027823518331,0.0,-3.966021805425953e-05,0.0,0.0,-0.0027060000373258617,0.0,0.0,-0.004125002306900105,-0.009820800000000072
2026-03-12 20:00:00+00:00,0.007299599999999963,0.0,-0.011556743020731787,-0.02659961543816247,0.0,-0.02687456282550508,-0.027738522855278322,0.0,-0.028927800996095692,-0.006606615772617638,0.010721700000000077,0.0,-0.013427699999999867,0.01023,0.0,-0.015651899999999944,0.0,0.0,-0.015968699999999957,0.0,-0.03137972924822687,-0.0025807063847750077,-0.0022440000000000597,-0.00727649999999991,0.0022438610280589273,-0.04964523886699003,0.0,0.0,-0.019932000162095845,-0.019339130289005996,0.0,-0.004874099999999994,-0.006547200000000047
2026-03-13 20:00:00+00:00,0.0033527050119617364,0.0,-0.0054384000000000056,-0.005607029331093017,-0.00868170425828065,0.0,0.0,-0.009504066685243123,0.0,-0.005329631513697391,-0.02751045051381875,0.0,-0.008622900000000036,0.04501043431763204,-0.008895480114237062,0.005250281955236582,-0.004977086615109446,0.0,-0.00804210346433469,0.0,0.0,-0.0069563999999999755,-0.00010561348244416875,0.001900799999999922,-0.014543100000000203,-0.0003300000011778729,0.0,0.0,0.0,-0.0264,0.0,-0.016678199999999987,-0.012685436990211936
2026-03-16 20:00:00+00:00,0.0,0.004042391356996049,0.02447279999999995,0.02651880000000004,0.00740313749142374,0.0,-0.004157861995096878,0.005246976092937648,0.0,-0.004966529816617135,0.0,0.0,0.019776899999999945,0.0,0.010094700000000047,0.006500996174986831,0.008870400000000035,-0.003993429558415559,0.0,0.0,-0.0050279022604339295,0.0069563999999999755,0.0,0.00876149999999991,0.013054581789227358,0.009015566503343835,0.0,-0.00041916436300689383,0.0,0.04804800000000012,-0.003309965200990409,0.010487400000000065,0.0
2026-03-17 20:00:00+00:00,-0.007794671485784046,-0.0031515000000000596,0.0,0.01434180000000001,-0.042955665434934856,-0.0006353290567300519,-0.0041783483222712445,-0.012309012366272323,0.0,-0.00089101225858019,0.0,0.0,0.013268970000000093,0.0,0.008754900000000065,0.0,0.014361599999999993,0.00683100000000009,-0.01038184936796354,0.0,0.035649899999999915,0.004501199999999958,0.0,-0.007398613968097856,-0.0015844500482241574,0.0,-0.041208298378457735,0.0032966999999997776,0.0,-0.01269534594765183,0.004659450032107807,-0.00103950000000003,0.0
2026-03-18 20:00:00+00:00,-0.010678799999999966,-0.029766000000000088,-0.015980593277827648,-0.02841300000000012,0.0,-0.027716700000000077,0.004527332865546531,0.003464956854340216,0.0,0.0,-0.009596409209087877,-0.007959600012323135,-0.023736570000000026,0.0,-0.007190700173028307,0.0,-0.03146880000000004,-0.01062599999999994,0.0,0.0,-0.0126544059439405,-0.00920699999999988,0.0,0.0,-0.001003199999999988,-0.013239633694649587,-0.03222450000000003,0.008820900000000156,-0.008566800069264012,0.0,-0.01952615145496878,-0.010216805161827483,0.0
2026-03-19 20:00:00+00:00,-0.0033923999999999907,0.0043890000000000595,0.0,-0.023701446023311642,0.014955639782532892,-0.01085468999999986,0.0,0.0,0.029769295516674326,0.0,0.017404199999999776,-0.001927200000000048,-0.005679306171063208,0.0163987216132436,0.0,0.0,-0.004857599999999933,-0.01095599999999994,0.0,0.0,-0.000871199999999958,0.003682799999999952,0.0011912768517352969,-0.00632940864462259,0.001504799999999982,-0.004567200000000048,0.027620999999999937,0.0006498063537352573,-0.011167200085489553,-0.0017751115368327486,-0.06921420222126151,-0.0056793030577176615,-0.007068993570399643
2026-03-20 20:00:00+00:00,-0.00010560000000005401,0.008513999999999909,0.0,-0.02006399999999991,-0.05876688487539981,-0.039938910000000015,0.0,0.0031017747368746905,-0.01572384167123278,0.0,-0.028868399999999853,-0.012064799999999981,-0.018948601062712442,-0.07380450000000002,0.0,0.0,-0.0054912000000001075,-0.01372818331202813,0.0,-0.004144809791420376,-0.006099508360367722,-0.006263421477335751,-0.003270303969859019,0.005642999999999969,0.017430600000000053,-0.02387881452956795,-0.03069,0.0,-0.029251199999999956,0.0,0.0,-0.020473201208261425,-0.01247400000000006
2026-03-23 20:00:00+00:00,-0.006375609595444539,0.006682499999999999,0.0,0.01696124206356059,0.0,0.01837604999999998,0.0,0.0,0.0,-0.003778523529870458,0.04279439751991935,0.008434799920934379,0.0,0.06068369999999995,0.0,-0.003689410273978333,0.03146880000000004,-0.020624999999999998,0.0,-0.0014223099744531873,0.0,-0.009636047654712078,0.00490049999999997,0.008345699999999987,0.0005924723759053858,-0.013239609077589734,0.02148300000000012,0.0,0.023535599909372568,-0.0004391745530205844,0.0,0.0,0.02369978699912244
2026-03-24 20:00:00+00:00,0.0,-0.0023924999999999997,0.0,-0.02019643975693246,0.0,-0.04043987742463747,0.0,0.0,0.0046595972239692265,-0.00136950000000003,0.003382494563963887,-0.0036696000059224933,-0.003795998248209248,-0.0068855552623605576,0.0,0.0,-0.02830079999999992,0.005609847328063315,0.012390786715402809,-0.0045078096539746225,0.0,0.013727984096257409,-0.004464900000000066,-0.004432079289893181,0.01603799999999997,0.012883199999999987,-0.04450049999999997,0.004124995233330219,0.0,0.03416819999999999,0.0,0.0,0.0
2026-03-25 20:00:00+00:00,0.0,0.0029039512615384134,0.0,-0.001141838485166204,0.009828293376654291,-0.013325419325794851,-0.0028167522317687505,0.0031151178626492083,0.06883799999999997,-0.0020625286484094703,0.001306800000000012,-0.0002640000320061199,-0.001599843414965944,0.0,-0.014467200194546271,0.0,0.005794479850219563,-0.011022362596159919,0.01787608111760827,0.0,-0.014320429028905082,0.0,0.006745164740434761,-0.0004819541603240532,0.0031149334983050945,0.01240799999999997,0.027620999999999937,0.006104999999999999,0.004567199815280637,0.01818630000000004,-0.0006930133812670646,0.0,0.0
2026-03-26 20:00:00+00:00,0.0,0.0,0.0,-0.02657933475666459,-0.060046623214529374,0.0,0.0,-0.0076695927149756605,-0.07576799999999996,0.0,-0.03531660286277914,-0.014467200015608177,-0.01667490683413805,0.0,-0.03190110000000002,0.0,-0.017312046207167375,0.0,0.0,-0.012784203781917353,-0.003471599999999994,0.0,-0.007840799999999922,0.001841399999999976,2.6384441996965504e-05,-0.05837040000000003,-0.00460350000000009,-0.017159999999999998,-0.0065736003734847915,-0.027555,-0.032089200000000075,0.0,0.0
2026-03-27 20:00:00+00:00,0.0,-0.009850761115823352,0.0,0.0,0.0,-0.009599761707823663,-0.025669701796559963,-0.01921922835925487,-0.024511080691993623,0.0,-0.01634985683097025,-0.012856800118797404,0.0,0.0,-0.008571750503847165,-0.0033990065286927345,-0.029257799999999952,0.002045996884571318,0.004263561128228889,-0.007266607621778721,-0.030811018550334718,-0.01668498234412782,-0.004247099999999964,-0.015863113206317826,-0.02138400000000006,-0.0063228030974701,-0.050638499999999934,-0.04527971713538829,-0.0031416003552302073,-0.0066131999999999875,-0.01851299999999997,-0.00553410371849191,0.0
2026-03-30 20:00:00+00:00,-0.00019801005886482698,0.0,-0.01783995954294167,-0.019536733119326608,0.0,0.01395929148385403,0.0030413728206312315,0.0,0.0,0.0,-0.00810480499309344,0.0019931998875766747,-0.01078440358089127,0.0,-0.0043494003360363374,-0.003465003450748295,0.021892200000000046,0.004883950608539098,-0.03593068533978659,-0.0002574077853520157,-0.010811743587500495,0.005062200000000048,0.010559966097157543,0.0,-0.007577001003840842,0.0,0.03375900000000006,-0.012170647443603548,-0.00904200030808246,0.0024159107677632938,-0.0058079999999999694,0.0,0.0
2026-03-31 20:00:00+00:00,-9.900000000006002e-05,0.005923404907309536,0.057895200000000015,-0.001913736195218348,0.006695675452943514,0.06056292000000011,0.0,0.008012294957157795,-0.0007590011539694932,0.0,0.028261197332044352,0.002824799994411651,0.008421597567587914,0.020462784377693288,-0.0010230000756571097,0.0,0.01186680000000001,0.0,0.006223761545408124,0.025881899999999944,0.048648600000000174,0.008820798491046394,-0.0017457615037419962,-0.002118680022195058,0.0,0.0,0.014297777696553835,0.049605560385879634,0.04963199999999988,0.0,0.0035475131889077917,0.0,0.0
2026-04-01 20:00:00+00:00,8.580000000007203e-05,-0.011583167101584503,0.004712399999999915,0.0,0.02279197014061827,0.010500599999999903,0.0,-0.00041911498244662194,0.02503709353818823,0.0,-0.0041085078807057245,0.006903599989516519,0.014856597705570275,0.02361150000000006,0.02236080000000007,-0.005887201986265549,-0.014654119728468244,0.004190868038537233,0.022829399999999795,0.007586699999999927,0.036936899999999946,0.0,-0.000871199999999958,-0.011523600000000023,-0.00735904860718012,0.0,0.0,6.598333386924877e-05,0.012025199444008271,0.0,-0.013213200000000137,0.0,0.0
2026-04-02 20:00:00+00:00,0.0058343516885502565,0.0,-0.021542399999999913,0.0053525958828804865,0.004958732471654111,-0.017169899999999915,0.00032309038679401056,-0.002286899999999946,0.031788899999999974,0.0,0.011906730000000042,0.0,0.0,0.01574099999999994,-0.04851,0.0,0.0,0.008414581272750724,0.0025740000000000597,-0.00043559999999990396,-0.026126100000000024,0.006368969030452162,0.005553899999999975,0.010038600000000024,0.0,-0.00382800320360594,0.0,-0.001108800000000042,0.0,0.0010822026860320966,-0.01110779999999995,0.01699499834416485,0.0
2026-04-06 20:00:00+00:00,-0.0014323013802349873,0.0,0.009424799999999981,-0.001488300000000072,-0.01768315975150681,0.011777700000000018,0.013503600000000024,0.006920099999999933,0.014127299596014022,0.0,-0.001176460435336944,0.0,0.0,-0.00787049999999997,-0.026895000024064683,0.0034715772553116763,0.0,-0.0019144220527962943,-0.001197900000000036,0.011180400000000035,0.0036036000000000236,0.01186680000000001,-0.001742399999999916,0.006385499999999969,0.0,0.0021251712747598866,0.0,0.016790400000000035,0.0,0.000504900000000066,0.002105400000000036,-0.002986531477831422,0.0
2026-04-07 20:00:00+00:00,-0.003121800000000012,0.0,-0.007405200000000017,-0.017514226771943045,0.0,-0.0012912900000001536,-0.013358400000000005,-0.0012804405337186835,0.0,0.0,0.0030557972198111383,0.003247199990727431,0.002458497613954546,-0.028965144642551108,-0.0003036000517329421,0.017107199999999895,-0.005532401326280055,0.08240099113143662,-0.012348664205907425,-0.021852600000000083,-0.0063063000000000416,0.005359200000000078,-0.003705925036734534,-0.0040094999999998795,0.0,-0.015694825698480158,0.0,-0.001900799999999922,0.0,-0.0030293999999999456,-0.009787978536207869,0.0022571977961957142,0.0
2026-04-08 20:00:00+00:00,0.011220000000000074,0.0,0.04914291263110814,0.0,0.0,0.047504380699987546,0.04668180000000001,0.0,0.0,0.0,0.010748099408624248,0.02228159999999999,0.03286139999999997,0.0,-0.0013596000654557247,0.03554758914570805,0.017548613167481224,-0.002765442309429154,0.0,0.022106700000000076,0.07116956653069337,0.030241199999999958,0.0,0.01897829999999992,0.0,0.0,0.0,0.05005439999999994,-0.0012210004502832543,0.010602899999999886,0.0456984,0.0048048000000001315,0.0
2026-04-09 20:00:00+00:00,0.001161599999999994,0.0,-0.0034671005522599625,0.0,0.0,0.0,-0.02407210381291828,0.0,0.0,0.0,-0.014797200945621779,0.00528,0.05272409999999999,0.0,0.0,0.012233099974322002,0.0,0.0025245000000000298,0.0,0.0045375,0.0,0.01607759999999993,0.0,-0.0026729999999999697,0.009206763175978194,0.004544095069027516,-0.00040526559744514086,0.01108799999999997,0.004817998608402886,-0.017166599999999994,0.014731199999999956,-0.002933700000000108,0.0
2026-04-10 20:00:00+00:00,-0.02272380047426648,0.0012533206914330593,0.002547939302489972,-0.0020499986958318183,0.0,0.001969297020881631,0.0048970913589355585,0.0,0.0,-0.0033595451680127277,0.0,-0.0008712000638352992,0.019489791517333443,0.0,-0.003854400790111235,-0.001277100000000114,-0.0011764354542352657,-0.0022308733047583834,0.0,0.001052700000000018,0.0,-0.0049402089886834075,0.0,-0.011820600000000053,-0.006844199999999928,0.019466695918020232,-0.04518633913621648,-0.0044351999999998675,-0.0015015017402083685,0.04735561459740688,0.000554400000000096,-0.005266800000000012,0.0
2026-04-13 20:00:00+00:00,-0.00308881226308094,0.009289472418236073,0.0,0.002441778877417737,0.0,0.03220140000000012,0.009873599999999873,0.0,0.0007919643916487211,0.000574199999999928,0.0,-0.0006996000036473333,0.0,0.0,0.0,0.0013628760312484154,0.048787200000000044,0.0,0.0,-0.009804302574432445,0.0,0.00980100000000009,0.0006500287055425452,0.014849999999999999,0.013800599999999903,0.0,0.06885449999999987,0.015760799999999922,0.0,0.0,0.000316800000000012,0.031808699999999954,0.0
2026-04-14 20:00:00+00:00,-0.004309799999999982,0.0,-0.006286667943866546,0.03616799999999982,0.0,0.1013802899999999,0.02562779999999995,0.0,0.012374997273062358,-0.005246999999999879,-0.00847275562667271,0.009292799757150583,0.007587029940983593,0.0,-0.003154800848853051,0.0,0.008747818402253133,-0.01099231082930787,0.0,-0.0003366127347688098,0.0,-0.003597007575694797,0.004791599999999994,0.006771600000000144,-0.04689307146945005,0.0,0.0027521925740545154,0.025740000000000148,0.0037289998397214003,0.0,0.034121991370670075,0.015186596874002029,0.0
2026-04-15 20:00:00+00:00,0.006877199999999972,0.001022623528643844,0.004685867228285201,0.031680000000000146,0.0,0.11225841000000004,0.021231006576537415,-0.0007458133561278555,0.010381800000000012,-0.006477900339493362,0.04379759999999993,0.007062000000000029,-0.0029073027994895844,0.0,0.06258119989992622,0.00574199622012366,0.00323227169420868,-0.000415800000000072,0.0,0.02762429999999986,0.0,0.0,-0.004029300000000012,0.004298927153554609,0.0,0.0,0.0,0.01576079999999977,0.001946999359148608,-7.58221806628353e-05,-0.0007656072660580002,0.04278119999999996,0.0
2026-04-16 20:00:00+00:00,0.0016170000000000299,-0.002673000006609504,0.0,-0.013134259022288665,0.014334192131981015,-0.002359522581344727,0.0,0.00994950000000003,0.07284683999999986,0.0027389497731381517,-0.0035178032437200818,0.002679599999999964,0.01277759463092595,0.0,0.0,-0.0002772249694365973,0.00613799999999997,0.0069201000000000835,-0.004844576647256217,-0.010889999999999999,0.0,-0.008827747234249613,-0.006864128286866239,0.0022237738681836114,-0.0021616476690395846,0.0,0.0,-0.01759583235688059,0.0,0.019364399999999945,0.03847799999999982,0.0058475978888150705,0.0
2026-04-17 20:00:00+00:00,0.008348999999999985,0.0,0.0,8.598516527317769e-06,-0.01089000000000015,-0.02102761044797712,0.0,0.0029403000000001018,0.0006243600000002424,-0.001267200000000048,0.0,0.011299199953879051,0.012539996964701254,-0.019245783058656624,-0.014612730078438456,-0.002930404226553319,0.01881,0.01933132869128881,0.02417580000000007,0.023740200000000166,-0.004997910925426044,-0.013332160470480421,0.0,0.0,0.0050422181872817095,0.0,0.0,0.0002505668570397847,0.0,-0.006992699999999867,0.016988400000000153,0.005154597068926541,0.0011780625481575316
2026-04-20 20:00:00+00:00,0.0005473877927003195,0.0,0.0,0.0,-0.012632399999999915,0.012889774498452237,0.0,0.010893202803569011,-0.011579700000000047,-0.004890600000000054,0.0,0.0,0.0034319967492084606,-0.019958400000000154,-0.020138580000000097,0.0,0.00950399999999991,0.0,-0.006607324099411848,0.006702298083542173,-0.04182815999999998,-0.009223521342167073,0.00045525066705192783,0.0,-0.0019421499605899498,-0.007563638631463768,0.004130411228562393,0.006388799999999892,0.0,0.015120990318448088,-0.0058079999999999694,-0.011018700000000107,0.0
2026-04-21 20:00:00+00:00,0.0,-0.002326826687718908,0.0,0.0,-0.03256110000000002,-0.054696206753834554,0.0,-0.009474300000000012,0.034484999999999995,-0.0028248673397742413,0.0,-0.004105200105853264,0.01202518714566982,-0.03278879999999989,-0.014204190000000038,-0.005293220144358724,0.005411419996591462,0.0,-0.0023694095341351613,-0.01860540214920638,-0.025450690983244723,-0.01702801509669337,-0.006494457327577592,-0.006629773595894066,-0.0003301077386308816,0.007193982585957264,-0.006046030274933959,-0.0021452391542673556,-0.008230200208074297,0.0,-0.035904106612996034,0.013605900000000006,0.0003923733574920425
2026-04-22 20:00:00+00:00,0.0,0.0,0.0,0.0011348345559175732,-0.01306800000000012,0.022106699999999927,0.0,-0.0022572000000000477,0.06907889999999982,0.0,0.0,0.0,0.0,0.007127999999999969,0.003961650000000036,0.018770400000000034,0.0023494795169779945,0.0,0.08039455376270514,0.0,0.0,0.0009404432270472625,0.0011220000000000299,-0.002059272981515928,0.0,-0.00033000000114080647,0.0,0.0,0.01224299999999997,-0.0020292409485623327,0.0,0.01583999793956902,0.0
2026-04-23 20:00:00+00:00,-0.0008712318464864938,0.0011383074256960616,0.0010096668298891153,-0.04245492855620376,-0.05662799999999997,-0.053360999999999936,-0.003024592272406244,-0.01158635846035006,0.005964090000000105,-0.0026288652929396263,-0.007656003183463217,-0.011444400078398352,-0.007553700558564296,-0.03136319999999999,-0.03284819999999999,0.0018215847818134033,-0.03375675429813013,0.0,0.0014453990122319418,0.0,0.0,0.0,-0.002798403487858577,-0.018328276640951883,0.0,-0.0039105602653975845,0.0,0.0,-0.004580400117825898,-0.0005246999999998979,0.0,-0.004973101139466598,0.0
2026-04-24 20:00:00+00:00,-0.0009305999999999789,0.004108341006293399,0.004039199999999928,-0.005346052093882308,0.03865950000000003,0.009579856848430207,0.006294170614097979,-0.001432477910490238,0.15455451000000006,0.0004910399999999435,-0.0125400036138302,0.0022175990681199526,0.026386798967965263,-0.008553600000000024,0.0012341991327374353,0.008302769332376952,0.0,0.0,-0.0017753999999998858,0.0,-7.629895394693742e-07,0.0,0.0,0.0,0.0,0.0,0.0,0.0,0.0,-0.027284400000000243,0.0,0.017387698881061838,0.0
2026-04-27 20:00:00+00:00,-0.008646000000000015,0.001055139892679058,0.008078400000000005,-0.002382599999999934,-0.00490049999999997,0.0,-0.007212988238731736,0.000913101346835956,-0.046246200000000105,0.004728240000000141,-0.005775036607520864,0.0010295987969826045,-0.004740450711024755,0.002851200000000108,0.008084999592068938,0.01104839962305245,0.0,0.004448222924878723,-0.02261821268935714,0.0,-0.011914796126315,0.0,0.0,-6.279081147867145e-05,-0.00033004689340868933,-0.006834326685640512,0.0,-0.0007101782125582803,0.0,-0.009589813980884241,-0.001422267879153387,-0.00470580268235472,0.0
2026-04-28 20:00:00+00:00,-0.00264,0.0019635000000000897,-0.012791586425664608,-0.013747861634062669,-0.02123549999999997,0.003596960200426374,-0.024031149464375613,0.0,-0.04236540213788505,0.011147399999999915,0.0,-0.004580400000000036,-0.005372400000000065,0.01853279999999995,-0.008342400000000066,-0.003511199999999958,0.0,0.03297360000000002,0.0052535948398393425,0.0,-0.007395299999999952,0.0,0.0,0.00421395844435156,0.010866899999999945,-0.029544900000000065,0.0,-0.0023059843113020177,-0.0004884001852836673,-0.009312599999999933,-0.011979000000000059,0.009583199999999988,0.0
2026-04-29 20:00:00+00:00,0.0031878000000000266,0.017885996467629957,0.0,0.0,-0.012857994841955869,-0.12982200000000002,0.029660400000000035,-0.0010429220460740271,0.03798299971488133,-0.0054978442677449625,0.0,0.000435600000000054,0.015717899999999885,0.004276800000000012,-0.004646399999999976,0.0006335728715675349,0.014966160150957074,0.01108799999999997,-0.008197207626575354,0.0,-0.02711610000000002,-0.0005149934072894847,0.0,-0.009926409491567142,0.00012209999999996396,0.0036497999999999817,-0.007698334343005103,0.0,0.0,-0.001643400000000006,-0.002291579187915777,-0.010071600939074169,0.0
2026-04-30 20:00:00+00:00,0.0048905206148243405,-0.03461700000000003,0.0,0.017944853343797536,0.0,0.008621245424430162,1.6489765716096372e-05,0.012411164991830523,0.041487592330128754,0.0,0.0,0.009160799999999922,0.0005015993921230119,0.0,0.021779999999999997,0.07391999919670611,-0.01473779999999995,-0.00066,0.013424400000000095,-0.0060390020169811985,0.03286800000000012,0.010533600000000023,0.0,0.002194474853532283,0.008791199999999957,0.005151299999999892,-0.018968400000000003,-0.0038975854288680416,0.0,0.004382400000000066,-0.0026208138115516475,0.004082099554675901,0.0
2026-05-01 20:00:00+00:00,0.00044876990582701405,-0.014355001272653075,0.0,0.010295999999999939,0.0,0.0,0.0,0.0,0.0,-0.005362521198018385,-0.00019805849932214185,0.00244200000000003,0.011797499999999999,-0.06842880000000004,0.02363592000000008,0.001082399999999916,0.005550600000000054,-0.0044615999999999935,-0.013529999999999999,0.019799998729024368,0.010682099999999813,-0.007930936977689075,0.0,-0.010781219942029257,-0.004848929356030653,0.003326400000000126,0.025291200000000107,-0.0013928577535181374,0.0,-0.010975012819162007,0.0,0.014067900000000036,0.0
2026-05-04 20:00:00+00:00,0.000719400000000021,-0.005263939272608036,-0.005466018004536791,0.015186600000000144,0.0,-0.010943112987629155,-0.0174284865782194,0.0,-0.005108400631358063,-0.02091884824990972,0.015179999999999999,-0.004237200116370563,0.013213199999999987,0.02138400000000006,0.0011404790974672413,-0.00976799999999997,-0.00095700000000018,0.002666399999999976,0.012176997040799619,-0.011286000993602774,-0.006409259999999858,-0.014295978849700304,-0.00448816344123335,-0.00033002247093917955,-0.003383273151014227,0.008362199999999898,-0.05058240000000006,0.0,0.0,-0.009573058413682747,0.0,-0.0008382012925415437,0.0
2026-05-05 20:00:00+00:00,0.002395799999999997,0.0,0.006147900000000036,-0.015199832974296036,-0.017750484382960015,0.0,0.002300936177640092,-0.0036268194881014775,0.03871560000000005,-0.005979599999999963,-0.0761640007314275,0.0,0.006316199999999958,-0.02138400000000006,-0.005573700255523954,0.016209584349758503,-0.07464599999999993,-0.018282024928565184,0.0,0.007226997364138423,0.04913765999999986,0.017186399999999977,0.0054285000000000895,0.0015665901111760875,0.007936499999999909,-0.014612409974013425,0.014226299999999891,0.0,-0.010078200069969902,-0.00541199999999988,0.0,0.0,0.0
2026-05-06 20:00:00+00:00,-0.013015460431224705,0.0,0.012976641453922447,0.033356399999999974,0.006606599999999844,0.018605311656263345,0.0009164922353453812,0.016335,0.15697109919963678,0.004981294912245011,0.0,0.0,-0.0037785011217027977,0.002851200000000108,0.01935779999999995,0.02477966809168696,-0.004019399999999946,0.0,0.0,0.010494000000000059,0.04765860000000002,0.006946289680376807,0.00727650000000006,0.0,0.010170165312541299,0.05643330000000007,0.017387700000000166,-0.015510054879096132,0.051975,-0.0032472000000000477,0.02399429624358731,-0.0006072007262132684,0.0
2026-05-07 20:00:00+00:00,0.017493300000000073,0.0,-0.01029616959545844,-0.02288549999999997,-0.022822799999999952,-0.011782443773854824,-0.0020630609425667354,-0.012751495202186174,0.0,0.0,-0.01292610529211984,-0.005583600099354635,0.0,-0.011404800000000131,0.03790082919191857,0.0042899882369792156,-0.000574200000000078,0.0,0.0,6.599999999993997e-05,0.01972079999999992,-0.01869450000000003,-0.0038115000000002097,-0.012483967373779182,0.0,-0.01027950000000003,0.03185289732208382,0.011460899999999856,0.01829520000000002,-0.006494399999999945,-0.00623700000000003,0.0167475,0.0
2026-05-08 20:00:00+00:00,-0.003227400000000066,0.0,-0.013084255458537244,0.01937430000000001,0.007807799999999952,-0.002368079999999977,0.0,0.0,0.020281799946723657,0.0,0.0,0.008421599999999993,0.0,0.001425600000000054,0.037872450000000106,0.0040425,-0.012774677949156894,0.0,-0.003128428093294719,0.01907400000000006,0.013147200000000048,-0.010857064099453018,0.00369600000000009,-0.007365599999999904,0.0,-0.008731800000000012,-0.07713090000000015,-0.016876284311511988,0.015615600000000052,0.02164799999999997,0.005213926791470021,-0.01160280109789759,0.0
2026-05-11 20:00:00+00:00,-0.019397417635165733,0.0,0.0,0.011035199999999867,0.031749564096905915,0.04877730000000013,0.0,0.0,0.020301598754463204,0.0,1.6495391581538568e-05,0.002534400000000096,-0.013266001029581698,0.028512000000000027,0.0005177698958306382,-0.02286900000000006,0.0,0.007778082164997113,0.021720599999999902,-0.010824002654320911,-0.045193499999999935,0.0,-0.00531299999999982,0.013599255381936317,0.0,-0.01559914854935533,-0.018889199999999925,-0.006558674458376476,0.01566179968416439,0.047084400000000096,0.0,0.0,0.0
2026-05-12 20:00:00+00:00,0.0023363817726519687,-0.010213569896389222,0.0,-0.01113107647878368,0.0,-0.04503230561011198,0.0,0.010807472951453527,0.0,0.0036002788317772956,-0.008801100000000023,-0.0022044003012394887,-0.010454399999999945,0.0,-0.02377979999999998,-0.008570099999999933,0.013391095326910617,0.024832499999999997,-0.006355862385888481,0.006764999999999999,-0.00821700000000003,0.0045373812960583975,-0.00669900000000021,0.0,0.013925865658671582,-0.02613930294057415,-0.010625121384815483,0.012658588747562493,0.0,-0.007325302117853276,0.0,0.0,0.0
2026-05-13 20:00:00+00:00,-0.0028911488204607485,-0.015097500000000149,-0.014358680178969184,-0.004138199999999838,0.006794122367038948,-0.019892699200782658,-0.010389385640216122,-0.012596116524925673,0.0,0.001821599999999844,-0.03762989999999991,0.00633599999999994,0.014051399999999974,0.05417177503036907,0.02544299883133001,0.036243899999999975,-0.0038148308532177312,0.008764757803364841,-0.01432205100614697,0.01346400000000006,-0.0041084999999999395,-0.01849649999999991,-0.00230999999999985,-0.00024436917139955766,-0.021846062376603276,0.0,0.0,-0.015855568603492878,-0.006293100175439044,0.06758399999999976,-0.005016038918108047,0.0,0.07992763609213678
2026-05-14 20:00:00+00:00,0.0014386304577009923,-0.0018119311854032092,0.006045600000000054,0.0026787656486907505,-0.03385800000000012,0.0379169917421381,0.0,0.0,0.0,-0.0028907999999999217,0.025148969999999944,0.007524000000000059,-0.00861299999999997,0.0,-0.005847602213063078,-0.00536580488417112,-0.007862268955745762,-0.0043890000000000595,0.017199599999999964,-0.00211200000000003,0.004930200000000017,-0.005933575505030007,0.0013859999999999398,0.00026045582307199764,-0.004751393461719299,-0.007098300516696122,0.0,0.0,0.03836579991153339,-0.045476165243276696,-0.036300019840534596,0.0,0.058454364506720785
2026-05-15 20:00:00+00:00,0.002072309759322484,0.008414999999999999,-0.059700323658502925,-0.009468241127152409,-0.02910599999999979,-0.04398580966566027,-0.009997461765204501,-0.003003110028741203,-0.0110827230102074,-0.002546279999999965,0.0038349046671724953,-0.013279199999999927,-0.01049399999999991,0.0,-0.007477141181137312,0.0,0.0,-0.012681899999999946,-0.026895,0.00508200000000003,-0.03278583000000004,-0.0046860187371885785,-0.01386000000000015,-0.008824455074229345,-0.007525382111916751,-0.03090779999999995,0.0,0.0,0.0,-0.00617751215517565,0.0,-0.00958980056867716,-0.012088010586961954
2026-05-18 20:00:00+00:00,0.0,0.022908599999999873,0.006361888175138551,0.002114943911665523,-0.03804904224182041,-0.010989028864355705,-0.011265516038285277,0.005345871156880898,0.003897298701757545,0.008565480000000042,0.008744987402404836,0.00029039982059238354,0.0009899981303025014,0.0,-0.028796459999999906,-0.006204006016883454,0.0,-0.016430749595004866,-0.03727680288053099,-0.0069299999999999995,0.004848029999999935,-0.0012870769243488484,-0.0025253090727984724,0.020403899999999826,0.012539999999999999,-0.01928850000000009,0.0,-0.014061263214418371,-0.017219400611472372,-0.09288007944116738,0.0,0.0,-0.027106199999999955
2026-05-19 20:00:00+00:00,0.0,0.0017290484285345244,0.000795299999999952,0.0,0.0017454149900522178,0.0012059052978138241,0.0,0.0,-0.017371200000000107,-0.00430981277630904,0.0010163999999998259,-0.005385600510255544,0.0,0.0,-0.025601400025428916,0.0,0.0,-0.01149420333230466,-0.01261922237651426,0.00422399999999991,-0.022596936595057314,0.002348522440118536,0.0,-0.006418806996914218,0.0022440000000000597,-0.007692299999999982,0.0,-0.014823647560723333,0.0017852987489236055,0.0,0.0,-0.007283101765533156,0.002197799999999952
2026-05-20 20:00:00+00:00,-0.003623441117726188,0.0,0.039764999999999995,0.0,0.0,0.0,0.014407781395865186,-0.0007161240431627811,0.07646100000000008,0.0006994187480243135,-0.0027482507591464807,0.0,0.004113445631520503,0.0,0.0,0.0,0.01846321919889249,0.0,0.00711479937150242,0.009272999377169298,0.0,0.0,0.0031349791260485422,0.0,0.01663199999999988,0.020535900000000006,0.0,0.0,0.0,0.0,0.0,-0.005095202127680654,0.011721600000000143
2026-05-21 20:00:00+00:00,-0.018097222388273677,-0.002739059318864888,0.033798013387816024,0.013874861746320943,0.0,0.0,-0.035545310794000674,0.002669480962928319,-0.014305511913657183,-0.001554300000000012,0.0010880099999998583,0.0,0.0,0.0,-0.02162160053942183,-0.0021318012150300545,-0.0125507811912947,-0.005435391802931117,0.0,0.00563969774375028,0.04928179842443599,0.004454603564579233,0.004504500000000029,0.0,0.0010560000000002401,0.015909260845462535,0.0,-0.0017722925817192344,0.0,0.0,0.0,-0.0017094000000000959,0.026373599999999872
2026-05-22 20:00:00+00:00,-0.005346072885927101,-0.0017654999999999698,0.0,-0.00579150000000006,0.005018983247746609,-0.012492289695872745,-0.004546685852808445,-0.0009539353683178978,0.001676395771935372,0.011223128904766108,-0.0026264699999999446,-0.002616900142721861,0.0,0.0,0.02471039985301848,-0.008893500000000089,-0.000653400000000006,0.014021699999999927,0.0,0.015084298786138237,0.023324399999999794,0.005933400000000155,0.00473549999999997,-0.002501490245145792,0.0066,-0.0092004748554151,0.0,-0.000683100000000054,0.0,0.0,0.0,-0.005515302791759232,0.09304020000000016
2026-05-26 20:00:00+00:00,-0.016678200000000063,-0.00912450000000003,0.0,0.01595879999999989,0.0608256000000002,0.00044195368649562166,0.0,0.002138400000000156,0.02309339899096732,-0.005383011186001008,-0.002633400000000006,0.002686199783542206,-0.015092556477037533,0.0,-0.0025924809614722923,0.007910076387618432,-0.0040346823373205234,-0.02709629999999989,0.0,0.0,0.0650825758814407,0.00765599999999994,0.003481421471016724,-0.001161724613469878,0.01478399999999976,0.019380900000000156,-0.04625485227336695,0.013358400000000156,0.007108199684091732,0.0,0.0,-0.0007458025917161285,0.033333226635529796
2026-05-27 20:00:00+00:00,0.000501599999999994,0.0017481372680664162,0.0,0.00579150000000006,-0.011427072697343646,-0.0004587345062991835,-0.014641396419835487,-0.018143444977289737,-0.017542799999999952,-0.00021086498013259643,-0.02785860000000002,6.9300000000012e-05,0.023740200000000017,0.0,-0.004836480073666639,0.006276595920423164,0.0,0.015061199999999957,0.0,0.0,0.0,-0.020862599999999933,0.0,0.0033561000000000237,-0.018479999999999847,0.023792999999999967,0.004607459999999996,-0.0174076059695358,-0.010817400088376103,0.0,0.0009602543484962871,-0.007797916920986026,0.0015410765225243675
2026-05-28 20:00:00+00:00,-0.004468199999999988,0.0015113244477871512,0.0,0.03686359437509702,0.0,0.11093940000000009,0.005171090239868221,-0.008381999999999879,0.04776419952570295,-0.004072282183757311,0.058071745942644554,0.0041184000000000056,-0.009586501758791869,0.0,-0.0012936028524682477,0.0,0.009883902051102327,-0.002801866913553381,0.0,0.0035606991864729023,0.0,-0.006316200000000108,0.0,-0.00787049999999997,0.00699600000000009,0.0051975,-0.001772099999999964,0.004817886572590764,-0.006250200048031842,0.0,-0.014800499999999819,0.031178396421668364,0.04740120000000011
2026-05-29 20:00:00+00:00,-0.026934600000000038,0.0023231660106952947,-0.003023190485962109,0.010414795136692545,0.0,0.11879010000000008,-0.008639399999999945,0.0038279268764810238,0.0,0.0,0.08740379771870925,0.0005114998078795133,-0.0009685581631869809,0.0,-0.013364999999999998,0.0,-0.004643774131310483,0.0018347594057555624,0.0,-0.0034782036748619836,0.0,0.005411995338375386,0.0,0.004395599999999904,0.011747999999999969,-0.014067900000000036,0.014176799999999861,0.009979199999999928,-0.00793650000000006,0.0,-0.014117400000000065,0.015232799692150424,0.04864859999999972
2026-06-01 20:00:00+00:00,0.001118644277099297,0.0,-0.012851335580163485,0.0038517192305492017,-0.013823739778388707,-0.04285709999999996,0.033105600000000054,-0.00960300000000012,0.0,0.0,0.0,0.0026927996369649236,0.0,0.0,-0.0308536802603116,0.0,-0.002098920757925011,-0.004818455942409687,-0.012516942494798263,0.0005015930049646249,0.0,0.0,0.002210988310722796,-0.010870199999999868,-0.0053461864056894084,0.03848459999999996,0.07265610000000002,0.014021324440551415,0.047001899683793806,0.0,0.01151020347903949,0.0231923996690862,-0.051143400000000006
2026-06-02 20:00:00+00:00,-0.0017094456407881033,0.0,-0.01704826646749837,0.0,0.03897865054878285,-0.03327739499016515,-0.025555200000000167,0.014355,0.0,-0.0003201297040505324,0.0,0.0004619997714719693,0.0,0.0,0.0,-0.002481601749139968,-0.007627366830930036,0.0,0.01892880000000004,0.026076600000000144,0.0,0.004263549409765887,0.00207899999999991,-0.01615680000000001,0.009576474483917772,0.025093018079833326,-0.04607459999999996,0.0003530579470095881,-0.00612150012584128,0.0,-0.009646047735593178,0.0,-0.028690199999999867
2026-06-03 20:00:00+00:00,0.007632900000000035,0.00010548695548659452,0.0,-0.004821143544333426,-0.022595099999999934,-0.004844485662632641,-0.003561922067528112,-0.00033,0.0,0.008296199999999957,-0.008840074594224165,-0.005174401362909843,0.0,0.0,0.0012638987851485125,-0.0032340013043260477,0.0,0.0,-0.009563400000000156,-0.019041001443354102,0.0,-0.0017226000000000838,-0.0038114999999999096,-0.015176700000000078,-0.009154200000000078,-0.023588415685270318,-0.03721409999999999,0.0,0.0,0.0,-0.022845899999999853,0.005052294915188654,-0.025571700000000076
2026-06-04 20:00:00+00:00,0.00730286504811233,0.020176199999999957,0.0,0.023364163386354525,-0.03361709999999996,0.06617159999999998,-0.015346439779625447,0.032999999999999995,0.024081749733026188,0.006078600000000023,0.003070936761608509,-0.001280400115522525,0.0,0.0,-0.013612500944851289,0.034663199999999984,-0.014095237444294856,-0.0019470931655592857,-0.015470525466800977,-0.0016071005458934268,0.0,0.03234659999999999,0.00231,0.026162331499627628,0.03624060000000005,0.011563199999999987,0.04253040000000003,0.012810566684707906,-0.0026680502061619924,0.0,-0.012219900000000065,0.0012935999999998738,-0.02182949999999988
2026-06-05 20:00:00+00:00,0.0,0.018433800000000042,0.0,0.0,-0.04959900000000006,-0.037689970630871934,-0.001306800000000162,0.0043559833417629035,-0.09386849999999994,0.019667937081009477,0.0,-0.02604360000000002,-0.015532117827190077,0.0,0.0,-0.0033792027402448775,0.0,0.006029099999999994,-0.029412900000000033,-0.011612699999999867,0.0,-0.0004448569090175624,-0.00508199999999988,0.0037652207844077793,0.004514399999999945,-0.057024006720286693,-0.017721000000000087,-0.01923899999999976,-0.056799599999999964,0.0,-0.0117151096838281,-0.0058624503593487495,-0.03056130000000004
2026-06-08 20:00:00+00:00,0.0,-0.01069200000000003,0.0,-0.007356268503956539,0.006910402996823031,0.033263999999999905,0.005576720263751399,-0.0050820295329824785,0.03892349999999994,-0.0021519922739705816,0.000758966996087156,0.006151199836308783,0.00295679275980935,0.0,-0.00799425045189455,-0.010784400690467745,0.0,0.0010955730980733277,0.00023760000000008403,-0.024542102180018437,0.011252090246500288,-0.005685308931014751,-0.003910539249144399,0.0016265358292595327,-0.010863670702710191,0.026541899999999945,-0.03189779999999995,0.0059531999999999875,0.013719749622258682,0.0,0.0,-0.0026631020427524345,0.007484399999999946
2026-06-09 20:00:00+00:00,-0.0013398034926551327,0.017574667348190968,-0.01210650234479379,0.0,0.0115720894118878,-0.018862825448099214,0.0,0.0004421908927422555,-0.02689500014577637,-0.0003987184335273332,-0.016229407173068058,-0.00962280009310984,-0.009830041492701174,0.0,0.0,0.0,-0.0037070378244461787,0.010064963688645526,-0.013553100000000054,0.0,0.04031276770422472,0.0036709942269940437,-9.928881876364812e-05,0.0,0.0,0.013275897065615962,0.007486126560957363,-0.004435367637043882,0.0,-0.0008453745901882666,0.0,-0.013753084699862647,0.010154487700373848
2026-06-10 20:00:00+00:00,0.005689060825585302,-0.007398691459375126,0.0,-0.00772320418715692,-0.03989699999999988,0.0,-0.019825898247179993,-0.007101613324546106,0.0,-0.0011225496229056715,-0.00323402274624952,0.0,-0.00278520653071364,0.0,0.0,-0.00542520000552442,0.0,-0.008643136567713008,-0.05574689999999994,0.0,-0.04561919999999992,0.00199650000000006,-0.00358050000000012,0.0018083472551823387,-0.010309299894817854,-0.028881601842661638,0.0,-0.009365399999999885,0.0,-0.03148199999999988,0.0,-0.0037303213939063377,-0.04431285883659743
2026-06-11 20:00:00+00:00,0.0,-0.009655842761794979,0.0,0.03445200000000003,-0.03431810428266223,-0.006032419872966461,-0.011233373835226039,0.012860099999999933,0.030854999749732534,0.0,0.001742400000000066,0.006177599996895355,0.014454000000000059,0.0,0.014812048240424164,0.003022772771561713,0.0,0.0,0.04650689664128001,-0.003960001600606879,0.08268479999999982,0.0014387062326056365,0.01247400000000006,-0.01158300000000012,-0.008411754686675231,0.021897147353942572,0.0,0.03375900000000006,0.009575279580457709,-0.012238825744762198,0.010909753060334456,0.002037749738056964,0.0
2026-06-12 20:00:00+00:00,0.0,0.004717708300619352,0.0,0.002044531840051095,-0.00017835164712096485,0.025541981813151326,0.009286502389481952,0.02138400000000021,0.04617360000000002,0.003907179112485119,-0.008824211092420231,0.005385600000000054,-0.011840400000000036,0.0,0.015938999999999908,0.004382400000000066,0.0,0.0,0.0,-0.005511000916506645,0.020671200000000108,0.014612400000000065,-0.00311849999999994,0.009890100000000084,0.0,0.008325240000000022,0.0,0.013173590741734386,0.001816319108157313,0.0,-0.01483025235661138,-0.006520800491076747,0.0
2026-06-15 20:00:00+00:00,-0.0003632563683690023,-0.003392898987092735,0.0,0.008368234131820758,0.006058786352067104,0.0,0.04849680000000016,0.0008277987709816443,0.07324019999999987,0.010216800000000012,0.005187582355607119,0.01714680000000001,0.03160080000000007,0.0,0.006547199546695742,0.028432765839553273,-0.004079295403715532,0.005652877280257444,0.0,0.0,0.026373507184298595,2.62208499520284e-05,-0.00011550000000012005,0.004247100000000114,0.0,0.01848494941569364,0.0,-0.0066363828730416794,0.029422799508703277,-0.0017426883135236901,0.0,0.0022340993563367737,0.0
2026-06-16 20:00:00+00:00,0.0,0.0,0.0,-0.0013529538625014857,0.0,-0.010664976971490877,0.016262400000000066,0.0,-0.03562350021242255,-0.003577210733338229,-0.01306800000000012,-0.005821200000000108,0.003926995453044146,0.0,-0.01617,0.0,0.028584599999999964,-0.0013698188192822407,-0.016665033281948995,0.005840999047070863,0.0,0.0,0.0054284999999999395,0.02099455125077314,0.0,0.0,0.0,0.00022439568059428892,0.0,-0.019011220148694278,0.004926861593027319,-0.016447200000000047,0.0
2026-06-17 20:00:00+00:00,0.0,-0.022961704760623945,0.0,-0.017914243449165246,-0.01643461881790053,0.013566958956986855,-0.0018555734285574635,0.0,-0.011673750274111699,0.0009369120975197165,-0.005702408371527262,-0.001320000192833663,-0.004936807782165597,-0.010614233730350003,-0.015241050364516317,-0.00562322245718316,-0.023174632310674053,0.0,0.06550830000000007,-0.00699600071941079,-0.01306810208596456,0.0,0.0012705000000002701,0.0,0.0,0.0,0.0,-0.012474004979886454,0.0,-0.02118860603267139,-0.02679272920777323,-0.028729140427834695,0.0
2026-06-18 20:00:00+00:00,-0.004003240370994162,-0.00633599999999994,0.0,0.013308899999999976,-0.026811508252039346,0.018858840000000043,-0.0025884591654310543,0.0,0.037125,-0.003425399999999886,0.007867186905220496,0.0,0.0,0.0,0.023000999363781825,-0.0027852019255177993,0.0,0.0,0.06018209999999996,0.0,0.0,-0.0035659879577711624,0.005791481064589465,0.0,-6.632497662655623e-05,0.023311197180371262,0.0,0.01016379991612317,0.0,-0.026617799999999952,0.004474763427339144,0.0015988499827845907,0.0
2026-06-19 20:00:00+00:00,0.0,0.0,0.0,0.0,0.0,0.0,0.0,0.0,0.0,0.0,0.0,0.0,0.0,0.0,0.0,0.0,0.0,0.0,0.0,0.0,0.0,0.0,0.0,0.0,0.0,0.0,0.0,0.0,0.0,0.0,0.0,0.0,0.0
2026-06-22 20:00:00+00:00,-9.900000000006002e-05,-0.008276786207136441,0.0,-0.01855919999999993,0.0,-0.022228873317717505,-0.0019477270397450183,0.0,0.01846184970624268,-0.001267200000000048,-0.06674250324462833,-0.00011880049952261742,-0.0024327623079133036,-0.010734353000955653,0.009741599586674187,-0.06527400122656932,1.5889634747850323e-05,0.0,0.01776059999999975,0.0,0.0,0.021969735490050837,0.0,-0.013879886143194185,0.0,0.008880959229416216,0.0,-0.003630081500083729,0.0,-0.028056599999999994,-0.04381083424515981,-0.023400304882299817,0.0
2026-06-23 20:00:00+00:00,0.008009099999999993,0.0,0.0,-0.010527457707807638,-0.0019181624705560648,-0.010352876117658056,-0.004837106896192963,0.0,0.0,0.007860600000000054,0.0,-0.010137602728516425,0.0065973599999999116,0.004875749999999879,0.0,-0.006573600000000024,-0.01419181071601749,0.0,-0.07955475666718265,-0.013662004686154564,0.0,0.0,-0.0008910408237344972,0.005583600000000024,0.0,-0.003402962543252456,0.0,-0.012738003418206916,0.0,-0.013668600000000024,-0.020697600000000083,0.009791097381491372,0.0
2026-06-24 20:00:00+00:00,0.00043225345623557586,0.0013192587355357454,0.0,0.0,0.0,0.0,0.05015260969276494,-0.00035979958548518876,0.0,0.003999599999999963,0.0,0.0,-0.00038016000000001436,-0.03315510000000008,0.0,0.010414794994315184,0.006098756761788131,0.004264856144579799,0.0,0.003728997303376627,0.0,0.00017483075869872662,0.013127400000000065,0.012737987180805621,0.0,0.006712199999999897,0.01647727448669028,-0.009636229241988344,0.0,-0.017265600000000055,-0.018348135718340885,-0.018583950000000016,0.0
2026-06-25 20:00:00+00:00,0.0,-0.026202037331100745,0.0,0.0,-0.005228259830375673,0.0,0.0,0.004959900000000066,0.0,-0.014744412456042213,-0.007057053784770714,-0.0038332804736071146,-0.030525000113464623,-0.03315509999999993,0.0,0.0006863923506316496,0.0,0.02247630000000004,-0.003435374477848436,-0.055935000184221935,-0.006743576079314589,0.0072369000000000955,0.0012407713193036169,-0.009424927566999709,0.002903470651325165,-0.0026690643785302155,-0.05445,0.010295999999999939,0.0039269996899142096,-0.039254464828125515,0.0,-0.041966100562632364,-0.011434722476599121
2026-06-26 20:00:00+00:00,0.0,0.016648421819716666,0.003579558023908071,0.0,-0.008820900000000156,0.012341887390494603,0.0,-0.02156555502588272,0.0,0.0,0.048559500000000026,-0.0037831199999999805,0.002745597800528594,0.022428450000000048,-0.005534100537585919,-0.004250401944335872,0.0,0.018935186006405733,0.0,0.029502000000000028,0.023423400000000153,-0.0029389583827923887,0.0,0.0,-0.005759671704106876,0.0,-0.0033,-0.023100214532216435,-0.018864449999999987,-0.00014109905455529314,0.0012041628240580756,0.056324400000000094,-0.00207899999999991
2026-06-29 20:00:00+00:00,0.0,0.0,-0.005071537889495744,0.0,0.056934900000000066,0.03078900000000006,0.0,0.0,0.05040749978664067,0.0,0.02325509999999993,0.011774399999999945,-0.020407200092464498,0.01657755000000004,0.0,0.0,0.0,-0.0039057344094690096,0.011886598708551223,-0.00547799999999997,0.0016731000000000538,0.0,0.0,0.0,0.0,0.02582578457743444,-0.009899999999999999,0.0,-0.012997050009426206,-0.01227599999999994,0.006854099999999993,-0.005359200349044545,0.0003453354218815821
2026-06-30 20:00:00+00:00,0.0,0.0012208949522494413,0.0,0.0030693513687907307,0.03528360000000002,-0.01653300000000012,0.0,0.0,0.06720450000000018,0.000501571222651628,0.0021845711492906273,0.007959599999999964,-0.005933401431083521,0.023208569999999908,0.0,0.0,0.0,0.0,0.02062961130049503,0.02412300000000012,0.010266296636573715,0.0,0.0,-0.0014916886734411628,-0.005082551187983527,0.0313664916176361,-0.0066,0.0,0.0,-0.012276000000000089,0.0052945740182049755,0.0018347981495428257,-0.006825642443448764
2026-07-01 20:00:00+00:00,-0.005517696821970193,0.01456950000000018,0.0,0.012576300000000042,0.04649963902870904,0.07436546409185531,0.0,0.0,-0.06829350000000009,0.0008678980532439254,0.06712688139190282,-0.008434800304542491,0.0,-0.019307970000000004,-0.009426780216777328,0.0,0.0,0.015886147737201393,-0.04075500751593433,0.01715999999999985,0.0,0.0,0.0,0.021067200000000046,0.03884760000000008,-0.07403880083466731,0.0561,-0.0008844946704279254,-0.010428000085406487,0.03600959999999996,-0.0034980083108930465,0.028459199999999928,-0.017186400000000126
2026-07-02 20:00:00+00:00,0.022594874448172517,0.027917999999999818,0.0,0.0005603936602690601,0.016207480516604804,0.002158174123209146,0.0,0.0,-0.031221301958818205,0.0,0.028815584733509567,0.0024419996189910713,0.0,-0.027042743801040443,-0.02066262003925519,0.0,0.00271694174337631,-0.002725800000000072,-0.027700208955536997,0.04646399999999991,0.0,0.0,0.0,0.029119199999999925,-0.004989600000000114,-0.020572200000000047,-0.0132,-0.005998760120109732,-0.015551250532831063,0.009385693347517307,-0.015285500357753713,0.015504717941567582,-0.02291519999999987
2026-07-06 20:00:00+00:00,-0.001405799999999922,-0.024849020659596797,0.027154497295372,0.03627578452367107,0.03706560000000005,0.043243199999999836,-0.0041602212616992755,0.0002588985292651205,0.05665604667005111,0.0,-0.0010995711224567003,0.00930600000000009,-0.006745205536367375,0.0,0.04420679986394045,0.001029591646885042,-0.010894654159949996,-0.023146199999999957,-0.014899661599743635,0.01475100000000024,0.0,0.004129865532281624,0.0,-0.031191602875152588,0.023047200000000198,0.03889376892070827,0.0049499999999999995,0.022899300422746793,0.0,0.0,0.019682519999999926,0.0009127767915928234,0.03508889999999997
2026-07-07 20:00:00+00:00,-0.0016566588600295108,0.0,-0.03164389654468408,-0.021165196287914686,-0.029343600000000022,-0.03955379999999989,0.00679799999999997,0.0014731199999998307,0.010749749716026012,0.0,0.011514360000000091,-0.005372400000000065,0.0069299999999999995,0.0,-0.030660301340070008,-0.00237600000000009,0.0,0.02968349999999994,-0.04947360000000002,-0.004257003949569789,0.0,-0.0005048999999999159,0.0,-0.006956436529558677,-0.00297,-0.002191202640369115,-0.014076139114416741,-0.019126800000000162,0.009239999308839042,0.0,0.00204599999999994,0.005941319999999969,-0.018618600000000023
2026-07-08 20:00:00+00:00,0.0,0.0,0.0,0.009806155258963395,0.006177600000000083,-0.003412555300402155,-0.03135015221558062,-0.01189817246464383,1.6500000000060025e-05,0.0,-0.012487199999999898,-0.0030887999999998916,-0.01589280408286204,0.0,0.0,-0.007893673608577524,0.0,-0.002155676521376399,-0.00819721385572274,0.0,0.0,-0.013962375962780988,0.0,-0.01628891007515448,-0.019364400000000094,0.0054648000000001315,0.0,-0.0234762185936095,0.007893599854363215,0.0,0.11201850000000009,-0.016869602204716252,-0.005728800000000042
2026-07-09 20:00:00+00:00,0.0,0.0,0.0,0.021443399999999856,-0.019309337527482626,0.013899599999999963,0.0,-0.0005379925518315122,0.0499125,0.0,-0.024829200000000228,0.008144399945285053,0.009094793754872302,0.0,0.002903999653165924,0.011864156984763886,0.0,0.0,-0.0052767206560962125,0.0,0.0,0.0,0.0,-0.002627295197897774,0.013925950411998369,-6.637296933840843e-06,0.0,0.0,-0.004695900098557913,0.0,0.02158529999999995,0.0018182994172613507,0.007877100000000114
2026-07-10 20:00:00+00:00,0.0,0.007546178283167564,0.0,-0.008167807627299153,0.0,-0.02349607241757036,-0.00537945131710981,0.00297,0.019394099999999994,0.0032932979334553874,-0.012166518812223116,0.0,-0.008606427250989477,0.0,0.00870209962967755,-0.0018717600000000083,0.0,0.0,0.010533600000000023,0.0,-0.005385816036229835,0.0,0.0,0.005873849102107356,0.0,0.0031943594003474253,0.0,0.0,0.01727219964823352,0.0,0.012071400000000126,0.001991865433996381,0.027927899999999884
2026-07-13 20:00:00+00:00,0.0,0.01808400000000006,0.0,0.0,-0.0059354175606082206,-0.006406694232203594,-0.01155,-0.007028553223515482,-0.03954060000000005,-6.3203161032161e-05,0.020895568820695327,0.0,-0.005596802303274508,-0.010114801205428734,0.0,-0.012170400000000036,0.0021196300056425207,-0.0027439716502033616,-0.032089200000000075,0.0,-0.012196862785214061,0.0,0.0,0.019351082560564614,0.0,0.0,0.0,0.003342863995315415,-0.029436000313004106,-0.01787949230940827,0.0062101382686698525,0.01492754766664649,-0.00930929999999986
2026-07-14 20:00:00+00:00,-0.0040758727336034275,0.00052799999999997,-0.01977377880418396,-8.220360760446056e-05,0.032218178368870684,0.0353905199999999,0.0013859999999997897,0.0,0.03590399761665376,0.0,-0.006676240555006279,0.0,0.00118799999999997,0.018206100000000173,0.0,0.018506400000000124,-0.00623700000000003,-0.0047883689827016495,0.015450600000000054,0.0029666947457119065,0.0,0.0051974333729913405,-0.0017564449233189224,-0.00480506704896688,-0.03230701390941926,0.0,-0.013984340307237907,-0.04482060128465336,-0.004464900145116444,0.0,-0.0005292866855460624,-0.00479061330394481,0.004296599999999994
2026-07-15 20:00:00+00:00,0.0,0.0010637839863248655,0.0,0.003511200000000108,-0.02674149555153891,0.014219975083161475,0.013593404290889939,0.0,0.0,0.0,-0.000145200000000018,0.0,0.030254399999999945,0.0040457999999999215,0.0,0.03313199999999988,0.1308548985562982,0.0,-0.02515920442944359,0.03697650000000021,0.0,0.01773747452269417,0.001425600000000054,-0.002323199999999988,0.024122999999999967,0.0,-0.006817292513716907,0.004025905205087042,-0.006250200705768911,0.0,0.0,0.024188010000000006,0.018618600000000023
2026-07-16 20:00:00+00:00,0.02207369914169599,0.0,0.0,-0.03812159999999999,0.03207444132078037,-0.061805713073608284,-0.00382799999999997,0.0,0.0,0.006857339290239415,0.00471900000000006,-0.0033660001883854783,-0.019681199999999958,-0.010114499999999879,0.002578288588003793,-0.018757200143042954,0.0018974774691549736,0.0,0.004666197654313782,0.01660229999999983,0.0,-0.0034224285040910353,0.0003563999999998259,0.026347199999999897,0.0028114948281461965,0.0009734778586210268,0.0,-0.026103133329838,-0.02286900000000006,0.0,0.0,0.014049748964768623,-0.000716100000000024
2026-07-17 20:00:00+00:00,-0.004643100000000054,0.0007259681368102383,0.0,-0.027435001235153484,0.011176285416185669,-0.027657454147820622,-0.015246503916806927,0.004778305402337382,0.045586199827851774,-0.004375800000000072,-0.021964854530569827,-0.010639200011867796,-0.010243212290201826,-0.022251900000000095,-0.027518700304228077,0.0,0.0029665628029509525,0.0,0.012718199999999987,-0.005412002319645894,-0.00689834577146898,0.0,0.003682800000000102,-0.01941731613998702,-0.014012095566250113,-0.02671021242990548,0.0,-0.0069333298893755994,-0.016684801764211298,0.0,0.0006697257396723307,0.0,0.002864399999999946
2026-07-20 20:00:00+00:00,-0.005019299999999862,0.00633600000000009,0.0,-0.0076572211033686015,-0.028340400000000033,0.0,-0.00528142187023403,0.0,0.016572600000000083,0.0010295999999999639,0.0,-0.0053856006196544145,0.008183995050455486,-0.004706735259291081,0.0,0.0,0.015020592768660112,0.0037817599204134373,0.007355694917043783,-0.019661399999999975,0.008224920000000142,-0.00776839977249388,-0.007484400000000096,-0.002732403532374551,0.0,0.0,0.0,-0.004478100000000053,0.0,0.0,-0.003960597128280778,0.010589694864304729,-0.015038100000000052
2026-07-21 20:00:00+00:00,-0.007009200000000077,-0.015081000000000089,0.0,0.0,0.008203800000000042,-0.014335410403610306,-0.005544000000000059,0.0,0.0795762000000001,-0.003524399999999946,0.0,0.0009503997072304037,-0.0031812137729409456,0.0,0.0,0.0,0.0013600161940357566,0.03568950000000003,-0.00145992329808656,0.005283297857543575,0.010612799999999952,0.010908114543954406,-0.004369203663500679,-0.012513600000000024,0.0,0.0,0.0,0.03089130000000004,0.0,0.0,0.0,0.0,0.018618600000000173
2026-07-22 20:00:00+00:00,-0.006864040924995374,-0.010651020198291849,0.0,0.0,-0.0357984,0.0,-0.021667360365102358,0.0,0.01793879999999989,-0.0005147999999999819,0.002600392361334461,0.0011615999890767943,-0.006718809030157203,0.0,0.0,0.0,-0.009866398779634218,-0.013143899999999976,-0.054739080000000065,0.0007094977931211315,-0.03230272351366148,0.0,0.0,-0.00633600000000009,0.0,0.0,0.0,-0.00417450000000018,0.006755099869525556,0.0,0.0,0.0,0.017276275172977827
2026-07-23 20:00:00+00:00,0.0,0.0,0.0014056315855246475,0.0,-0.0067122000000000475,0.00033984876920038456,0.005982852423146814,0.0,-0.01881,-0.0021519713600781413,-0.010058399999999855,0.0016790397560961763,-0.04788300402478792,0.0,0.0,0.0,0.0,-0.01711709999999996,0.02455200000000003,-0.017051103853964286,0.0014651667648393958,0.0014000489809759937,0.0,-0.010784469191235307,0.0,-0.004546063989551312,0.0,-0.006327268612109592,0.007061999446525801,0.0,1.3183402489512445e-05,0.0015872950860284026,-0.018889199999999925
2026-07-24 20:00:00+00:00,-0.010551815060418102,0.0,-0.0070289999999999095,0.0,-0.03132360000000002,-0.06320028000000003,0.027724407658127708,0.0,-0.03404940251594901,0.003936383217433235,-0.005544000000000059,-0.000607200213365977,-0.006812523937353362,0.0,0.0,0.0,0.0,-0.007299599999999963,-0.008058653928246553,0.0,0.06080540937785095,0.01161006000000008,-0.0029438615824620316,-0.0018483447143403326,0.0,-0.018532865236056063,0.0,0.0,-0.008824199999999928,0.0,-0.016130399999999885,-0.0002402400000000216,0.014691599999999994
2026-07-27 20:00:00+00:00,0.026314200000000076,-0.0013779494348170327,0.027061592461055647,0.0,0.025976483947707397,-0.0068950438409084375,0.008546103206630217,0.0,-0.0022506013223853594,0.001405799999999922,0.06993360000000003,0.0,0.0,0.0,0.0,0.0,-0.010593892636226664,-0.00716100000000009,0.03638414457041198,0.0,0.0,0.0012936000000000239,0.0043294881359219875,0.0,-0.00021887648703256216,0.011836766939891235,0.0,-0.01657972959102567,-0.023984400025696004,0.0,0.01468407110469724,0.019221838214422363,0.022387199999999895
2026-07-28 20:00:00+00:00,0.018143288061421903,0.012787401245870609,0.0,0.007111085997510858,0.0,-0.005166649219577302,0.029831913038749578,0.002006362372761382,-0.07533240033402812,0.03081534158380982,-0.0643262400000001,0.0,0.0,0.0,0.0,0.0025984180290073117,0.0,0.017024699999999896,-0.05265810000000005,0.0005147988127891404,0.0,0.0030651303229676705,0.006177599999999933,0.0038147985161923587,-0.004151399999999826,-0.015569399999999945,0.0,0.0,-0.0071115002394394645,0.015686017914230906,0.0,-0.00027885152286584794,0.01958880000000019
2026-07-29 20:00:00+00:00,0.0,-0.0017986069910989862,0.0,-0.015823166121311533,0.0,-0.022590522187291583,0.0,-0.03326400000000006,0.0,0.0,-0.00449856000000002,0.002996399609404161,0.0054961350767806835,0.0,0.005339397644914497,0.008553600000000024,-0.016005176147464176,-0.007094212071456773,-0.04266899999999991,-0.004963199999999988,0.0,-0.0017689070416089634,-0.012447601735591892,0.001927200000000048,-0.027033612830212564,-0.03786750067281366,0.0,0.0,-0.026614500034565326,0.05281013279655421,-0.005494842987644833,0.0,0.01749
2026-07-30 20:00:00+00:00,0.0,0.02668049999999982,0.0,-0.004187178583849063,0.0008256966008862536,-0.01606047156513296,0.005043829597423974,0.016209600000000112,0.005930099406158383,-0.0009819416416994955,-0.0035639999999999097,0.0,-0.001214401692688757,0.0,0.0,-0.006177600000000083,-0.01188,0.00207900000000006,0.08088299999999997,-0.01100880000000004,0.004843869843319967,0.003946390678568182,0.0,-0.006494399999999945,0.008100222657571024,-0.004217405342153447,0.0,0.00885323803695715,0.0,-0.0003696164298707117,0.007220301273646927,0.0062039999960416025,-0.02308680000000001
2026-07-31 20:00:00+00:00,-0.0014130640161710288,-0.01568331225617295,0.0,-0.018806700000000075,0.0023067000000000777,0.0002468400000000156,-0.003511200000000108,0.002481599999999994,-0.017279459999999875,0.00483450000000003,0.005623199999999988,-0.0008580001042263438,0.0001854597741662019,0.0,0.0,0.05775988768187563,-0.0033,-0.009962863736740095,0.013366584836615188,-0.06597360000000002,-0.01034879999999989,0.003484800000000132,0.0,-0.00036960000000011404,0.01178100000000009,-0.009315927034596884,0.02063999662527454,0.004527174548623366,0.0020162999902728733,0.010348800000000042,0.04847700000000018,0.025918199999999985,-0.015391200000000107
2026-08-03 20:00:00+00:00,7.587653895934635e-05,-0.0035144999999998797,0.0,0.0305778000000001,-0.04574954999999992,0.04915011430290527,-0.005517599999999933,0.0022439999999999097,-0.030092045878783263,0.0095204627380405,0.010203595900541467,0.01345079999999992,0.04153478922092845,-0.007511651516866659,0.0,0.04216079999999992,0.007755,0.0,0.0,-0.019648200418833688,0.05917555905318145,0.008395199999999867,0.0,0.0011483223122730668,0.016400999999999787,0.0041811000000000235,0.11058205324375915,0.012913405087756796,0.03724049935002299,-0.03769920000000008,0.04547399999999991,0.04410779969673106,-0.003148715182337987
2026-08-04 20:00:00+00:00,0.00022426052690366303,0.00021449999999987993,0.0,0.03393323999999999,-0.027680400000000036,0.006094962764772958,-0.004514399999999945,0.012883199999999987,-0.014173500274113888,0.0,0.031233179891649254,0.019337999904000546,-0.011269500103459113,-0.00623700000000003,0.0,0.006626399999999976,0.0049499999999999995,0.0,-0.003092160948820501,0.020294999999999848,0.0,0.006652799999999952,0.0005857401071706135,0.0,0.004504500000000029,0.025548600000000022,0.0033939337374702242,0.025047000000000028,-0.005273400293961467,-0.030752744510845156,0.015069483711411603,0.008814959999999846,0.0
2026-08-05 20:00:00+00:00,-0.005801399999999976,-0.00102299999999997,0.0,0.009708772099567786,-0.0192225,0.0045703873794867055,0.016113899999999976,0.004540800000000071,-0.014197920428976966,0.002474556428924743,-0.030962917329940783,0.0,3.299709298567904e-05,-0.025155900000000005,-0.004755303430984922,-0.03532320424243767,-0.009743742455365977,-0.007675902901358426,-0.0005643000000000119,0.00452100000000009,0.0,0.005544000000000059,0.002075699999999838,0.0,0.01016400000000006,-0.005744970000000034,-0.04823279999999995,0.004857599999999933,0.03765299999999997,0.0,0.0,-0.013021805164512325,0.0
2026-08-06 20:00:00+00:00,0.007088399999999856,0.00902549999999997,0.0,-0.0074122075013009,-0.0038445000000000298,0.0,0.0019367334320925691,-0.0077615999999999935,0.01549349999999994,0.009157499999999999,-0.017311469999999943,0.0,0.0029006757830962442,-0.012266099999999874,-0.001900800000000072,-0.00853512450714667,0.038095199999999864,-0.02028180000000001,0.010859918478913122,-0.002145000391240801,0.0,-0.00396,-0.004542576762790086,0.0,-0.022225043671580774,0.008701770000000046,-0.0403014009012433,-0.027236584346332957,1.649986726402858e-05,0.0,-1.3283863147757983e-05,0.024001559999999988,0.0
2026-08-07 20:00:00+00:00,-0.0045476069412940245,-0.018925533424234937,0.0,0.04543110000000002,0.028064850000000023,-0.0017046161701793517,0.1624241813107837,0.0032207999999999217,-0.02142888189139763,-0.00858825714705124,0.10099088999999996,0.0,0.00816089648199485,0.029105999999999937,0.031226247895016337,-0.007529280000000085,-0.009331508553216454,0.007184099999999994,0.0,0.0,0.0,0.002692799999999952,0.0,-0.012619310711666162,0.0,0.0041810999999998735,0.045375,0.0038778508850220894,7.754994806513422e-05,0.0027438884962255952,0.013622399999999915,-0.0038002820350634416,0.0
2026-08-10 20:00:00+00:00,-0.0003300000056395038,0.0,0.0,0.01338480000000013,-0.008842350000000023,-0.001048223323267439,0.0417384,0.005992800000000102,0.0,0.0,0.021547996629746602,0.0,0.0155297782328152,0.014760899999999855,-0.008634465854651252,-0.002032897551181013,-0.012857903062305122,0.004751364991681871,-0.005349840759177032,0.0,0.0,0.010929599999999963,0.0,0.0,0.0,0.0021416934971902946,-0.006406071920831459,0.002032799999999952,-0.02689830000000007,-0.009464400000000095,0.02993760000000008,0.014222991496823973,0.0
2026-08-11 20:00:00+00:00,-0.0059340260435070645,0.0,0.0,0.0020591999999999278,-0.009995699999999988,0.0,0.003909753120148075,0.00594,0.007688991249553282,0.0,-0.0023149550564734544,0.0,-0.01964160026752632,-0.03347189999999994,0.0018083932303918709,-0.017978402367593207,-0.0022191270538805975,0.0,0.02129649329409356,0.0,0.0,0.002217600000000084,-0.003382529370547031,0.0,-0.010989665409542944,0.0,0.0,0.00363,0.002308349824663319,-0.01183049999999997,-0.035006400000000125,0.0,0.0
2026-08-12 20:00:00+00:00,0.0,0.0,0.0,0.010682099999999963,-0.00427298697258087,-0.0022311209337597575,0.0,0.008289599999999963,0.01762200000000003,0.0,-0.024512419687503468,0.0,-0.004595257921845709,-0.02286900000000006,-0.01580370031538928,0.0,0.0049764000000001255,-0.002316644797459635,0.0,-0.00016500255989277773,0.0,0.012830400000000035,0.0007830276794182009,0.0,0.017054400000000094,-0.003402477640786305,0.0,0.012519699911134989,0.0028874999428903448,-0.014196599999999993,-0.02814406096465323,0.0,0.0
2026-08-13 20:00:00+00:00,0.0,0.0,0.01655767329942249,-0.002874020527594771,0.0008655980562588411,0.04523639178116482,0.001966441682351424,-0.009882724501110364,0.013708195729254934,0.0,0.04376591999999993,0.0013331999706463556,-0.007441500000000059,-0.00831599999999994,0.0,-0.005346104338105624,0.013346648478721093,-0.012982200000000048,0.003280187171255729,0.00976799999999997,0.0,-0.012555265897752523,0.00013358446919899505,0.00853975759547955,-0.009312600000000084,0.007110180000000091,0.01063111048631517,0.0,0.0057142800000000845,-0.018140100000000083,-0.023839200000000078,0.002798396679757452,0.0
2026-08-14 20:00:00+00:00,0.0,0.0,0.0921042895543765,-0.016971900000000095,-0.006943199999999838,0.0,-0.00018203081455741993,-0.000712799999999952,0.006203999805543126,0.0,-0.010624038399965806,-0.0004488000411415578,-0.010421400198073366,0.00207899999999991,0.0,0.0,0.02120580000000007,0.004065600000000054,0.009127799999999952,0.001847993053413761,0.0,-0.0008732688901053234,0.0,-0.0034319999999998796,0.007405200000000017,-0.012212970000000004,-0.003557399999999916,0.0,-0.002998381084874786,0.005520900000000006,0.014678101090727987,-0.003742200000000048,0.011150627811987984
